MUNICIPIO,CLAVECCT,NOMBRE,NIVEL,SUBNIVEL,NIV,SEREDU,SEXO,TOTAL_DIS,CEGUERA,BAJA VISIÓN,SORDERA,HIPOACUSIA,SORDOCEGUERA,DISCAPACIDAD MOTRIZ,DISCAPACIDAD INTELECTUAL,DISCAPACIDAD PSICOSOCIAL,TRANSTORNO DEL ESPECTRO AUTISTA,DISCAPACIDAD MÚLTIPLE,TRANSTORNO POR DÉFICIT DE ATENCIÓN E HIPERACTIVIDAD,APTITUDES SOBRESALIENTES,OTRAS CONDICIONES,USAER CORRESPONDE
PROGRESO DE OBREGON,13DJN0047E,CLUB DE LEONES,PREESCOLAR,PREESCOLAR GENERAL,2,General,TOTAL,1,0,0,0,0,0,0,0,0,1,0,0,0,0,USAER 32
FRANCISCO I. MADERO,13DJN0066T,LAUREANA WRIGHT GONZALEZ,PREESCOLAR,PREESCOLAR GENERAL,2,General,TOTAL,4,0,0,0,0,0,1,1,0,1,0,0,0,1,USAER 9
ACATLAN,13DJN0098L,FEDERICO CHOPIN,PREESCOLAR,PREESCOLAR GENERAL,2,General,TOTAL,11,1,0,0,0,0,0,0,0,0,0,0,3,7,USAER 48
ZIMAPAN,13DJN0108B,ROSAURA ZAPATA,PREESCOLAR,PREESCOLAR GENERAL,2,General,TOTAL,4,0,0,0,0,0,0,0,0,2,0,1,0,1,USAER 33
TULANCINGO DE BRAVO,13DJN0146E,JOSE MA. RODRIGUEZ Y COSS,PREESCOLAR,PREESCOLAR GENERAL,2,General,TOTAL,2,0,0,0,0,0,0,0,0,2,0,0,0,0,USAER 14
CHILCUAUTLA,13DJN0153O,PROFRA. ANGELA BARRIENTOS,PREESCOLAR,PREESCOLAR GENERAL,2,General,TOTAL,2,0,0,0,0,0,0,1,1,0,0,0,0,0,USAER 42
TASQUILLO,13DJN0155M,LEONA VICARIO,PREESCOLAR,PREESCOLAR GENERAL,2,General,TOTAL,1,0,0,0,0,0,0,0,0,0,1,0,0,0,USAER 33
MINERAL DEL MONTE,13DJN0173B,MARIA RAMOS AVILA,PREESCOLAR,PREESCOLAR GENERAL,2,General,TOTAL,3,0,0,0,0,0,0,0,0,0,1,0,0,2,USAER 52
HUEJUTLA DE REYES,13DJN0224S,PROFR. IGNACIO LUGO TERAN,PREESCOLAR,PREESCOLAR GENERAL,2,General,TOTAL,4,0,0,0,0,0,0,0,0,0,0,0,0,4,USAER 18
FRANCISCO I. MADERO,13DJN0250Q,UADRI,PREESCOLAR,PREESCOLAR GENERAL,2,General,TOTAL,1,0,0,0,0,0,0,0,0,1,0,0,0,0,USAER 9
TIANGUISTENGO,13DJN0294N,HEROES 16 DE JULIO,PREESCOLAR,PREESCOLAR GENERAL,2,General,TOTAL,5,0,0,0,0,0,0,0,0,0,0,0,5,0,USAER 35
MINERAL DEL MONTE,13DJN0447A,METZERI,PREESCOLAR,PREESCOLAR GENERAL,2,General,TOTAL,6,0,0,0,0,0,0,1,0,1,0,1,0,3,USAER 52
TULANCINGO DE BRAVO,13DJN0548Z,XOCHITL,PREESCOLAR,PREESCOLAR GENERAL,2,General,TOTAL,6,0,0,0,0,0,0,0,0,4,0,0,0,2,USAER 14
MINERAL DEL MONTE,13DJN0751K,FRANCISCA RUBIO MANZANO,PREESCOLAR,PREESCOLAR GENERAL,2,General,TOTAL,6,0,0,0,0,0,0,0,0,2,0,0,0,4,USAER 52
HUEJUTLA DE REYES,13DJN1167Y,SOLIDARIDAD,PREESCOLAR,PREESCOLAR GENERAL,2,General,TOTAL,5,0,0,0,0,0,1,0,0,2,0,0,0,2,USAER 18
VILLA DE TEZONTEPEC,13DJN1392V,BELISARIO DOMINGUEZ,PREESCOLAR,PREESCOLAR GENERAL,2,General,TOTAL,1,0,0,0,0,0,0,0,0,0,1,0,0,0,USAER 41
ACAXOCHITLAN,13DPB0097B,16 DE SEPTIEMBRE,PRIMARIA,PRIMARIA INDIGENA,3,Indígena,TOTAL,18,0,3,0,1,0,2,2,0,0,0,0,2,8,USAER 47
SAN BARTOLO TUTOTEPEC,13DPB0119X,FRANCISCO VILLA,PRIMARIA,PRIMARIA INDIGENA,3,Indígena,TOTAL,4,0,0,0,0,0,0,2,0,0,2,0,0,0,USAER 55
TULANCINGO DE BRAVO,13DPB0164J,VEINTE DE NOVIEMBRE,PRIMARIA,PRIMARIA INDIGENA,3,Indígena,TOTAL,3,0,0,1,0,0,0,0,0,2,0,0,0,0,USAER 46
ACAXOCHITLAN,13DPB0238K,VICENTE GUERRERO,PRIMARIA,PRIMARIA INDIGENA,3,Indígena,TOTAL,6,0,2,0,0,0,0,4,0,0,0,0,0,0,USAER 47
CARDONAL,13DPB0347R,EMILIANO ZAPATA,PRIMARIA,PRIMARIA INDIGENA,3,Indígena,TOTAL,14,0,0,0,0,0,1,1,0,0,0,1,7,4,USAER 58
SAN BARTOLO TUTOTEPEC,13DPB0446R,GUADALUPE VICTORIA,PRIMARIA,PRIMARIA INDIGENA,3,Indígena,TOTAL,8,0,0,1,0,0,0,3,0,0,2,0,0,2,USAER 55
ACAXOCHITLAN,13DPB0451C,LIC. BENITO JUAREZ,PRIMARIA,PRIMARIA INDIGENA,3,Indígena,TOTAL,1,0,0,1,0,0,0,0,0,0,0,0,0,0,USAER 47
HUEHUETLA,13DPB0673M,VICENTE GUERRERO,PRIMARIA,PRIMARIA INDIGENA,3,Indígena,TOTAL,1,0,0,0,0,0,0,1,0,0,0,0,0,0,USAER 61
JALTOCAN,13DPB2688B,CINCO DE MAYO,PRIMARIA,PRIMARIA INDIGENA,3,Indígena,TOTAL,8,0,1,0,0,0,0,7,0,0,0,0,0,0,USAER 8
HUEHUETLA,13DPB2729L,LAZARO CARDENAS,PRIMARIA,PRIMARIA INDIGENA,3,Indígena,TOTAL,2,0,2,0,0,0,0,0,0,0,0,0,0,0,USAER 61
SAN FELIPE ORIZATLAN,13DPR0013E,JOSE ANGELES MONTAĂ‘O,PRIMARIA,PRIMARIA GENERAL,3,General,TOTAL,1,0,0,0,0,0,1,0,0,0,0,0,0,0,USAER 8
PACHUCA DE SOTO,13DPR0041A,DR. JAIME TORRES BODET,PRIMARIA,PRIMARIA GENERAL,3,General,TOTAL,4,0,0,0,0,0,0,0,0,0,1,0,0,3,USAER 13
PACHUCA DE SOTO,13DPR0043Z,JAIME TORRES BODET,PRIMARIA,PRIMARIA GENERAL,3,General,TOTAL,8,0,0,0,0,0,1,3,0,0,0,0,0,4,USAER 3
HUEJUTLA DE REYES,13DPR0050I,ILDEFONSO VELAZQUEZ IBARRA,PRIMARIA,PRIMARIA GENERAL,3,General,TOTAL,15,0,0,0,0,0,0,8,0,1,0,0,4,2,USAER 36
HUEJUTLA DE REYES,13DPR0054E,GREGORIO TORRES QUINTERO,PRIMARIA,PRIMARIA GENERAL,3,General,TOTAL,25,0,0,0,0,0,0,9,0,0,0,3,11,2,USAER 7
SAN FELIPE ORIZATLAN,13DPR0057B,EMILIANO ZAPATA,PRIMARIA,PRIMARIA GENERAL,3,General,TOTAL,9,0,0,0,2,0,0,3,0,0,1,0,3,0,USAER 36
FRANCISCO I. MADERO,13DPR0080C,5 DE MAYO,PRIMARIA,PRIMARIA GENERAL,3,General,TOTAL,3,0,0,0,0,0,0,0,0,1,0,0,2,0,USAER 9
MIXQUIAHUALA DE JUAREZ,13DPR0083Z,JUAN ESCUTIA,PRIMARIA,PRIMARIA GENERAL,3,General,TOTAL,8,0,0,0,0,0,0,4,0,0,0,1,0,3,USAER 37
SAN FELIPE ORIZATLAN,13DPR0089U,ESTUARDO LARA LARA,PRIMARIA,PRIMARIA GENERAL,3,General,TOTAL,5,0,0,0,0,0,0,0,0,0,0,0,0,5,USAER 8
ATOTONILCO DE TULA,13DPR0100Z,GERMAN TOVAR CRUZ,PRIMARIA,PRIMARIA GENERAL,3,General,TOTAL,10,1,6,0,0,0,0,0,0,0,0,2,1,0,USAER 50
ACTOPAN,13DPR0108S,GENARO GUZMAN MAYER,PRIMARIA,PRIMARIA GENERAL,3,General,TOTAL,12,0,0,0,0,0,1,6,0,0,0,2,3,0,USAER 22
PACHUCA DE SOTO,13DPR0116A,BENITO TORRES OROPEZA,PRIMARIA,PRIMARIA GENERAL,3,General,TOTAL,21,0,0,0,0,0,2,1,0,4,0,6,3,5,USAER 13
PACHUCA DE SOTO,13DPR0126H,PLUTARCO ELIAS CALLES,PRIMARIA,PRIMARIA GENERAL,3,General,TOTAL,28,1,1,0,0,0,1,0,0,3,0,2,12,8,USAER 16
ZAPOTLAN DE JUAREZ,13DPR0132S,NIĂ‘OS HEROES DE CHAPULTEPEC,PRIMARIA,PRIMARIA GENERAL,3,General,TOTAL,20,0,0,0,0,0,0,5,0,2,0,1,5,7,USAER 40
SANTIAGO TULANTEPEC DE LUGO GUERRERO,13DPR0133R,TIERRA Y LIBERTAD,PRIMARIA,PRIMARIA GENERAL,3,General,TOTAL,7,0,0,0,0,0,0,1,0,0,0,0,4,2,USAER 4
IXMIQUILPAN,13DPR0142Z,SALVADOR DIAZ MIRON,PRIMARIA,PRIMARIA GENERAL,3,General,TOTAL,17,0,0,0,0,0,1,4,0,3,0,1,3,5,USAER 19
TULANCINGO DE BRAVO,13DPR0150H,15 DE MAYO,PRIMARIA,PRIMARIA GENERAL,3,General,TOTAL,9,0,0,0,0,0,0,1,0,2,0,0,5,1,USAER 14
PACHUCA DE SOTO,13DPR0151G,BENITO TORRES OROPEZA,PRIMARIA,PRIMARIA GENERAL,3,General,TOTAL,20,0,0,0,0,0,0,4,0,1,0,1,8,6,USAER 38
IXMIQUILPAN,13DPR0154D,AGUSTIN MELGAR,PRIMARIA,PRIMARIA GENERAL,3,General,TOTAL,22,0,0,2,0,0,1,12,0,0,0,0,7,0,USAER 19
MINERAL DEL MONTE,13DPR0176P,JULIAN VILLAGRAN,PRIMARIA,PRIMARIA GENERAL,3,General,TOTAL,11,0,0,0,1,0,0,6,0,2,0,1,1,0,USAER 52
MINERAL DEL MONTE,13DPR0178N,EMILIANO ZAPATA,PRIMARIA,PRIMARIA GENERAL,3,General,TOTAL,4,0,0,0,0,0,1,0,0,0,0,0,3,0,USAER 52
MINERAL DEL MONTE,13DPR0181A,MARGARITA MAZA DE JUAREZ,PRIMARIA,PRIMARIA GENERAL,3,General,TOTAL,11,0,0,0,0,0,0,1,0,1,0,0,5,4,USAER 52
MINERAL DEL MONTE,13DPR0183Z,FILOMENO MATA,PRIMARIA,PRIMARIA GENERAL,3,General,TOTAL,6,0,0,0,0,0,0,4,0,0,0,0,1,1,USAER 52
MINERAL DEL MONTE,13DPR0184Y,BENITO JUAREZ,PRIMARIA,PRIMARIA GENERAL,3,General,TOTAL,11,0,0,0,0,0,0,2,0,0,0,0,9,0,USAER 52
MIXQUIAHUALA DE JUAREZ,13DPR0214B,HOGAR Y PATRIA,PRIMARIA,PRIMARIA GENERAL,3,General,TOTAL,12,0,0,0,0,0,0,1,0,0,0,0,10,1,USAER 42
TULA DE ALLENDE,13DPR0215A,LIC. JAVIER ROJO GOMEZ,PRIMARIA,PRIMARIA GENERAL,3,General,TOTAL,11,0,1,0,0,0,1,4,0,0,0,0,1,4,USAER 27
MIXQUIAHUALA DE JUAREZ,13DPR0216Z,EMILIANO ZAPATA,PRIMARIA,PRIMARIA GENERAL,3,General,TOTAL,3,0,0,0,0,0,0,1,0,0,0,0,0,2,USAER 42
APAN,13DPR0218Y,PROFRA. MA. LUISA SOTO VELASCO,PRIMARIA,PRIMARIA GENERAL,3,General,TOTAL,18,0,0,0,0,0,0,4,0,1,0,2,11,0,USAER 34
MIXQUIAHUALA DE JUAREZ,13DPR0219X,MARIANO MATAMOROS,PRIMARIA,PRIMARIA GENERAL,3,General,TOTAL,1,0,0,0,0,0,0,1,0,0,0,0,0,0,USAER 42
TEPEJI DEL RIO DE OCAMPO,13DPR0220M,EMILIANO ZAPATA,PRIMARIA,PRIMARIA GENERAL,3,General,TOTAL,9,0,0,0,0,0,1,1,0,1,0,1,1,4,USAER 28
CUAUTEPEC DE HINOJOSA,13DPR0223J,RAFAEL RAMIREZ,PRIMARIA,PRIMARIA GENERAL,3,General,TOTAL,8,0,0,1,0,0,0,0,0,2,0,0,0,5,USAER 4
OMITLAN DE JUAREZ,13DPR0275P,MELCHOR OCAMPO,PRIMARIA,PRIMARIA GENERAL,3,General,TOTAL,7,0,0,0,0,0,0,0,0,0,0,2,4,1,USAER 5
PISAFLORES,13DPR0281Z,VALENTIN GOMEZ FARIAS,PRIMARIA,PRIMARIA GENERAL,3,General,TOTAL,12,0,0,0,1,0,0,1,0,0,0,0,2,8,USAER 60
OMITLAN DE JUAREZ,13DPR0282Z,INDEPENDENCIA,PRIMARIA,PRIMARIA GENERAL,3,General,TOTAL,9,0,0,0,0,0,0,1,0,0,0,2,0,6,USAER 5
PISAFLORES,13DPR0283Y,PEDRO MARIA ANAYA,PRIMARIA,PRIMARIA GENERAL,3,General,TOTAL,1,0,0,0,0,0,0,0,0,1,0,0,0,0,USAER 60
PACHUCA DE SOTO,13DPR0290H,BENITO JUAREZ,PRIMARIA,PRIMARIA GENERAL,3,General,TOTAL,26,0,0,0,0,0,1,7,0,0,1,2,11,4,USAER 3
TEZONTEPEC DE ALDAMA,13DPR0294D,IGNACIO ZARAGOZA,PRIMARIA,PRIMARIA GENERAL,3,General,TOTAL,13,0,0,0,0,0,0,5,0,0,0,0,2,6,USAER 37
TIZAYUCA,13DPR0296B,ADOLFO LOPEZ MATEOS,PRIMARIA,PRIMARIA GENERAL,3,General,TOTAL,9,0,1,0,1,0,1,2,0,3,1,0,0,0,USAER 20
PACHUCA DE SOTO,13DPR0332Q,BELISARIO DOMINGUEZ,PRIMARIA,PRIMARIA GENERAL,3,General,TOTAL,20,0,0,0,1,0,0,5,0,4,0,2,1,7,USAER 1
PACHUCA DE SOTO,13DPR0333P,GRAL. PEDRO MARIA ANAYA,PRIMARIA,PRIMARIA GENERAL,3,General,TOTAL,23,0,0,0,0,0,0,3,0,0,0,5,6,9,USAER 2
PACHUCA DE SOTO,13DPR0336M,JUSTO SIERRA,PRIMARIA,PRIMARIA GENERAL,3,General,TOTAL,22,0,0,0,1,0,1,1,0,1,0,2,5,11,USAER 2
PACHUCA DE SOTO,13DPR0345U,PROFR. TEODOMIRO MANZANO,PRIMARIA,PRIMARIA GENERAL,3,General,TOTAL,25,0,0,0,3,0,0,1,0,1,0,5,12,3,USAER 16
LA MISION,13DPR0348R,NICOLAS BRAVO,PRIMARIA,PRIMARIA GENERAL,3,General,TOTAL,1,0,0,0,0,0,0,0,0,1,0,0,0,0,USAER 26
LA MISION,13DPR0349Q,RAFAEL RAMIREZ,PRIMARIA,PRIMARIA GENERAL,3,General,TOTAL,1,0,0,0,0,0,0,0,0,0,0,0,0,1,USAER 26
PISAFLORES,13DPR0355A,MELCHOR OCAMPO,PRIMARIA,PRIMARIA GENERAL,3,General,TOTAL,4,0,1,0,0,0,0,3,0,0,0,0,0,0,USAER 60
PACHUCA DE SOTO,13DPR0356Z,ESFUERZO CAMPESINO,PRIMARIA,PRIMARIA GENERAL,3,General,TOTAL,17,0,0,0,1,0,1,2,0,1,0,7,3,2,USAER 25
APAN,13DPR0358Y,JAVIER ROJO GOMEZ,PRIMARIA,PRIMARIA GENERAL,3,General,TOTAL,17,0,0,0,0,0,1,9,0,0,0,0,7,0,USAER 34
PACHUCA DE SOTO,13DPR0359X,PROFR. FRANCISCO NOBLE,PRIMARIA,PRIMARIA GENERAL,3,General,TOTAL,16,0,1,1,0,0,2,0,0,2,0,3,2,5,USAER 29
PISAFLORES,13DPR0360M,REVOLUCION,PRIMARIA,PRIMARIA GENERAL,3,General,TOTAL,21,0,0,0,0,0,0,3,0,1,1,1,1,14,USAER 60
PISAFLORES,13DPR0361L,INDIOS ZACAPOAXTLA,PRIMARIA,PRIMARIA GENERAL,3,General,TOTAL,7,0,0,0,0,0,0,1,0,1,0,0,0,5,USAER 60
PISAFLORES,13DPR0362K,MIGUEL HIDALGO,PRIMARIA,PRIMARIA GENERAL,3,General,TOTAL,1,0,0,0,0,0,0,0,0,0,0,0,0,1,USAER 60
MINERAL DE LA REFORMA,13DPR0372R,PROFR GONZALO MENINDEZ DIAZ,PRIMARIA,PRIMARIA GENERAL,3,General,TOTAL,13,0,0,0,1,0,0,0,0,1,0,0,5,6,USAER 23
ACTOPAN,13DPR0373Q,JAIME TORRES BODET,PRIMARIA,PRIMARIA GENERAL,3,General,TOTAL,18,0,0,1,0,0,0,14,0,0,0,1,1,1,USAER 22
MINERAL DE LA REFORMA,13DPR0379K,FELIPE PESCADOR,PRIMARIA,PRIMARIA GENERAL,3,General,TOTAL,13,0,0,0,0,0,0,1,0,1,0,1,6,4,USAER 12
SAN AGUSTIN TLAXIACA,13DPR0385V,MARGARITA MAZA DE JUAREZ,PRIMARIA,PRIMARIA GENERAL,3,General,TOTAL,5,0,0,0,0,0,0,2,0,0,0,0,1,2,USAER 29
FRANCISCO I. MADERO,13DPR0390G,GRAL. FRANCISCO VILLA,PRIMARIA,PRIMARIA GENERAL,3,General,TOTAL,7,0,0,0,0,0,0,2,0,0,0,1,2,2,USAER 9
IXMIQUILPAN,13DPR0402V,CUAUHTEMOC,PRIMARIA,PRIMARIA GENERAL,3,General,TOTAL,17,0,1,1,0,0,1,2,0,1,0,0,3,8,USAER 19
TIZAYUCA,13DPR0417X,RAFAEL RAMIREZ,PRIMARIA,PRIMARIA GENERAL,3,General,TOTAL,7,0,0,0,0,0,0,2,0,1,0,1,3,0,USAER 20
TIZAYUCA,13DPR0420K,MELCHOR OCAMPO,PRIMARIA,PRIMARIA GENERAL,3,General,TOTAL,6,0,0,0,0,0,0,0,1,0,0,1,1,3,USAER 20
TIZAYUCA,13DPR0422I,IGNACIO ZARAGOZA,PRIMARIA,PRIMARIA GENERAL,3,General,TOTAL,7,0,0,0,1,0,0,3,0,2,0,0,1,0,USAER 53
PROGRESO DE OBREGON,13DPR0424G,JUSTO SIERRA,PRIMARIA,PRIMARIA GENERAL,3,General,TOTAL,8,0,0,0,0,0,0,4,0,0,0,1,0,3,USAER 37
PACHUCA DE SOTO,13DPR0426E,LAZARO CARDENAS,PRIMARIA,PRIMARIA GENERAL,3,General,TOTAL,19,0,0,1,1,0,0,3,0,1,0,2,6,5,USAER 2
SAN SALVADOR,13DPR0441X,IGNACIO ALLENDE,PRIMARIA,PRIMARIA GENERAL,3,General,TOTAL,2,0,0,1,0,0,0,0,0,0,0,0,0,1,USAER 45
SAN SALVADOR,13DPR0444U,CENTRO CULTURAL CAMPESINO,PRIMARIA,PRIMARIA GENERAL,3,General,TOTAL,12,0,0,0,0,0,0,0,0,0,0,0,8,4,USAER 45
MINERAL DE LA REFORMA,13DPR0467E,ODON ZARAGOZA RUIZ,PRIMARIA,PRIMARIA GENERAL,3,General,TOTAL,17,0,0,0,0,0,0,0,0,2,0,1,3,11,USAER 23
SANTIAGO TULANTEPEC DE LUGO GUERRERO,13DPR0468D,MARTIN URRUTIA EZCURRA,PRIMARIA,PRIMARIA GENERAL,3,General,TOTAL,12,0,2,0,0,0,0,3,0,3,0,4,0,0,USAER 4
TULA DE ALLENDE,13DPR0490F,MADERO Y PINO SUAREZ,PRIMARIA,PRIMARIA GENERAL,3,General,TOTAL,30,0,0,0,0,0,1,2,0,1,0,3,2,21,USAER 17
TECOZAUTLA,13DPR0511B,CUAUHTEMOC,PRIMARIA,PRIMARIA GENERAL,3,General,TOTAL,3,0,0,0,0,0,0,1,0,0,0,0,2,0,USAER 56
TECOZAUTLA,13DPR0512A,NIĂ‘OS HEROES,PRIMARIA,PRIMARIA GENERAL,3,General,TOTAL,8,0,3,0,1,0,0,0,0,0,0,1,2,1,USAER 56
TECOZAUTLA,13DPR0514Z,VEINTE DE NOVIEMBRE,PRIMARIA,PRIMARIA GENERAL,3,General,TOTAL,19,0,0,2,0,0,0,2,0,1,1,0,12,1,USAER 56
TECOZAUTLA,13DPR0518V,16 DE SEPTIEMBRE,PRIMARIA,PRIMARIA GENERAL,3,General,TOTAL,8,0,0,0,0,0,0,1,0,0,0,1,2,4,USAER 56
TLAHUELILPAN,13DPR0526D,GRAL. VICENTE GUERRERO,PRIMARIA,PRIMARIA GENERAL,3,General,TOTAL,1,0,0,0,0,0,0,0,0,0,0,0,0,1,USAER 51
TIZAYUCA,13DPR0543U,FELIPE ANGELES,PRIMARIA,PRIMARIA GENERAL,3,General,TOTAL,3,0,0,0,0,0,0,1,0,2,0,0,0,0,USAER 31
HUEJUTLA DE REYES,13DPR0547Q,FIDEL RODRIGUEZ MORALES,PRIMARIA,PRIMARIA GENERAL,3,General,TOTAL,13,0,0,0,0,0,0,5,0,2,0,3,3,0,USAER 18
TEPEAPULCO,13DPR0553A,FRAY PEDRO DE GANTE,PRIMARIA,PRIMARIA GENERAL,3,General,TOTAL,20,0,0,0,0,0,0,8,1,0,0,1,9,1,USAER 10
TEPEAPULCO,13DPR0555Z,BENITO JUAREZ,PRIMARIA,PRIMARIA GENERAL,3,General,TOTAL,17,0,0,0,0,0,0,0,0,0,0,3,10,4,USAER 10
PACHUCA DE SOTO,13DPR0557X,FRANCISCO I. MADERO,PRIMARIA,PRIMARIA GENERAL,3,General,TOTAL,13,0,0,0,0,0,0,3,0,0,1,0,3,6,USAER 29
TEPEHUACAN DE GUERRERO,13DPR0569B,VICENTE GUERRERO,PRIMARIA,PRIMARIA GENERAL,3,General,TOTAL,1,0,0,0,0,0,1,0,0,0,0,0,0,0,USAER 59
TEPEHUACAN DE GUERRERO,13DPR0577K,NETZAHUALCOYOTL,PRIMARIA,PRIMARIA GENERAL,3,General,TOTAL,2,0,0,0,0,0,0,2,0,0,0,0,0,0,USAER 59
TEPEHUACAN DE GUERRERO,13DPR0581X,EMILIANO ZAPATA,PRIMARIA,PRIMARIA GENERAL,3,General,TOTAL,19,0,0,0,0,0,0,0,0,0,0,0,16,3,USAER 59
TEPEJI DEL RIO DE OCAMPO,13DPR0602T,PROGRESO CAMPESINO,PRIMARIA,PRIMARIA GENERAL,3,General,TOTAL,6,0,0,0,0,0,0,1,0,0,0,1,0,4,USAER 28
TIANGUISTENGO,13DPR0632N,BENITO JUAREZ,PRIMARIA,PRIMARIA GENERAL,3,General,TOTAL,25,1,0,0,0,0,0,1,0,1,4,0,18,0,USAER 35
TIANGUISTENGO,13DPR0645R,EMILIANO ZAPATA,PRIMARIA,PRIMARIA GENERAL,3,General,TOTAL,14,0,0,0,0,0,0,0,0,0,0,0,11,3,USAER 35
TLAXCOAPAN,13DPR0651B,BENITO JUAREZ,PRIMARIA,PRIMARIA GENERAL,3,General,TOTAL,17,0,0,0,0,0,0,4,0,1,0,0,0,12,USAER 17
TIZAYUCA,13DPR0662H,PEDRO MARIA ANAYA,PRIMARIA,PRIMARIA GENERAL,3,General,TOTAL,1,0,0,0,1,0,0,0,0,0,0,0,0,0,USAER 53
MINERAL DE LA REFORMA,13DPR0699V,RAUL GUERRERO GUERRERO,PRIMARIA,PRIMARIA GENERAL,3,General,TOTAL,12,0,0,0,0,0,1,3,0,0,0,0,1,7,USAER 39
ACTOPAN,13DPR0709L,PLINIO NOGUERA SALAZAR,PRIMARIA,PRIMARIA GENERAL,3,General,TOTAL,13,0,1,0,1,0,0,2,1,0,0,0,6,2,USAER 11
TOLCAYUCA,13DPR0715W,CUITLAHUAC,PRIMARIA,PRIMARIA GENERAL,3,General,TOTAL,13,0,0,0,0,0,0,4,1,1,1,1,1,4,USAER 41
TOLCAYUCA,13DPR0716V,IGNACIO ZARAGOZA,PRIMARIA,PRIMARIA GENERAL,3,General,TOTAL,20,0,0,0,0,0,0,0,0,0,0,0,0,20,USAER 41
TOLCAYUCA,13DPR0717U,VICENTE GUERRERO,PRIMARIA,PRIMARIA GENERAL,3,General,TOTAL,14,0,1,0,0,0,0,5,1,1,0,0,5,1,USAER 41
TEPEAPULCO,13DPR0718T,MARIA LUISA ROSS LANDA,PRIMARIA,PRIMARIA GENERAL,3,General,TOTAL,8,0,0,0,1,0,0,1,0,1,0,1,3,1,USAER 10
TULA DE ALLENDE,13DPR0724D,LIBERACION NACIONAL,PRIMARIA,PRIMARIA GENERAL,3,General,TOTAL,15,0,1,0,0,0,0,1,0,0,0,0,3,10,USAER 27
TULA DE ALLENDE,13DPR0728Z,JUSTO SIERRA,PRIMARIA,PRIMARIA GENERAL,3,General,TOTAL,1,0,0,1,0,0,0,0,0,0,0,0,0,0,USAER 27
TULA DE ALLENDE,13DPR0731N,MELCHOR OCAMPO,PRIMARIA,PRIMARIA GENERAL,3,General,TOTAL,14,0,0,0,0,0,0,2,0,6,0,4,0,2,USAER 27
TULA DE ALLENDE,13DPR0735J,JOSEFA ORTIZ DE DOMINGUEZ,PRIMARIA,PRIMARIA GENERAL,3,General,TOTAL,4,0,0,0,0,0,1,0,0,1,0,0,2,0,USAER 27
MIXQUIAHUALA DE JUAREZ,13DPR0744R,IGNACIO ZARAGOZA,PRIMARIA,PRIMARIA GENERAL,3,General,TOTAL,15,0,0,0,0,0,0,3,0,0,0,0,4,8,USAER 37
TULANCINGO DE BRAVO,13DPR0760I,HEROES DE CHAPULTEPEC,PRIMARIA,PRIMARIA GENERAL,3,General,TOTAL,10,0,0,0,0,0,0,3,0,0,0,1,1,5,USAER 46
HUEJUTLA DE REYES,13DPR0762G,MANUEL AZUARA LEON,PRIMARIA,PRIMARIA GENERAL,3,General,TOTAL,26,0,0,0,1,0,0,1,0,3,0,2,19,0,USAER 7
PACHUCA DE SOTO,13DPR0768A,CARLOS ROVIROSA,PRIMARIA,PRIMARIA GENERAL,3,General,TOTAL,22,0,0,0,0,0,0,1,0,1,0,2,10,8,USAER 24
TULANCINGO DE BRAVO,13DPR0776J,ESCUDO NACIONAL,PRIMARIA,PRIMARIA GENERAL,3,General,TOTAL,25,1,0,0,1,0,0,3,0,1,0,4,12,3,USAER 46
TIZAYUCA,13DPR0780W,SALVADOR DIAZ MIRON,PRIMARIA,PRIMARIA GENERAL,3,General,TOTAL,26,0,1,0,2,0,0,8,0,2,0,5,4,4,USAER 31
MINERAL DE LA REFORMA,13DPR0789N,JOSE VASCONCELOS,PRIMARIA,PRIMARIA GENERAL,3,General,TOTAL,29,0,1,0,1,0,0,2,0,0,1,1,11,12,USAER 23
PACHUCA DE SOTO,13DPR0790C,EMILIANO ZAPATA,PRIMARIA,PRIMARIA GENERAL,3,General,TOTAL,7,0,0,0,0,0,0,2,0,0,0,0,1,4,USAER 29
MINERAL DE LA REFORMA,13DPR0794Z,MAGISTERIO DIGNO,PRIMARIA,PRIMARIA GENERAL,3,General,TOTAL,18,0,0,0,0,0,0,1,0,1,0,1,1,14,USAER 12
MIXQUIAHUALA DE JUAREZ,13DPR0795Y,GRAL. PEDRO MARIA ANAYA,PRIMARIA,PRIMARIA GENERAL,3,General,TOTAL,4,0,0,0,0,0,0,0,1,1,0,1,1,0,USAER 37
PACHUCA DE SOTO,13DPR0796X,PROFR. GAUDENCIO MORALES HERNANDEZ,PRIMARIA,PRIMARIA GENERAL,3,General,TOTAL,15,0,0,0,0,0,0,2,0,0,0,0,3,10,USAER 16
TEPEJI DEL RIO DE OCAMPO,13DPR0798V,ADOLFO LOPEZ MATEOS,PRIMARIA,PRIMARIA GENERAL,3,General,TOTAL,13,0,1,0,0,0,2,0,0,0,0,0,6,4,USAER 28
TOLCAYUCA,13DPR0809K,ELISA ACUĂ‘A ROSSETTI,PRIMARIA,PRIMARIA GENERAL,3,General,TOTAL,9,0,0,0,0,0,0,0,0,1,0,1,1,6,USAER 20
TIZAYUCA,13DPR0831M,FRANCISCO VILLA,PRIMARIA,PRIMARIA GENERAL,3,General,TOTAL,10,0,0,0,0,0,0,3,0,1,0,2,0,4,USAER 31
SAN SALVADOR,13DPR0840U,LUIS DONALDO COLOSIO MURRIETA,PRIMARIA,PRIMARIA GENERAL,3,General,TOTAL,12,0,0,0,0,0,0,6,0,0,1,0,2,3,USAER 22
PACHUCA DE SOTO,13DPR0863E,FUENTES Y BRAVO,PRIMARIA,PRIMARIA GENERAL,3,General,TOTAL,33,0,1,0,0,0,1,2,0,2,3,2,7,15,USAER 1
ZAPOTLAN DE JUAREZ,13DPR0868Z,FRANCISCO NOBLE,PRIMARIA,PRIMARIA GENERAL,3,General,TOTAL,26,0,0,0,1,0,0,12,0,6,6,0,1,0,USAER 40
ZEMPOALA,13DPR0871N,JOSE MARIA MORELOS,PRIMARIA,PRIMARIA GENERAL,3,General,TOTAL,5,0,0,0,0,0,0,2,0,0,0,0,0,3,USAER 10
ZEMPOALA,13DPR0876I,MATIAS RODRIGUEZ,PRIMARIA,PRIMARIA GENERAL,3,General,TOTAL,40,0,0,0,0,0,0,1,0,1,1,1,25,11,USAER 10
ZIMAPAN,13DPR0888N,NARCISO MENDOZA,PRIMARIA,PRIMARIA GENERAL,3,General,TOTAL,4,0,0,0,0,0,0,1,0,1,0,0,0,2,USAER 57
ZIMAPAN,13DPR0890B,LIC. ALFONSO CRAVIOTO,PRIMARIA,PRIMARIA GENERAL,3,General,TOTAL,17,0,0,0,0,0,1,2,1,2,7,3,1,0,USAER 33
ZIMAPAN,13DPR0895X,CLUB DE LEONES,PRIMARIA,PRIMARIA GENERAL,3,General,TOTAL,13,0,0,0,0,0,0,3,0,1,0,1,3,5,USAER 33
ZIMAPAN,13DPR0899T,ADOLFO ESPINOSA ANGELES,PRIMARIA,PRIMARIA GENERAL,3,General,TOTAL,7,0,0,1,0,0,0,0,0,0,0,0,1,5,USAER 57
ZIMAPAN,13DPR0905N,CELERINO TORRES,PRIMARIA,PRIMARIA GENERAL,3,General,TOTAL,8,0,3,0,0,0,0,0,1,0,0,1,0,3,USAER 33
HUEJUTLA DE REYES,13DPR0949K,GRAL. FELIPE ANGELES,PRIMARIA,PRIMARIA GENERAL,3,General,TOTAL,9,0,0,0,0,0,0,4,0,0,2,1,2,0,USAER 8
PROGRESO DE OBREGON,13DPR0960G,MARGARITA MAZA DE JUAREZ,PRIMARIA,PRIMARIA GENERAL,3,General,TOTAL,8,0,0,0,0,0,1,7,0,0,0,0,0,0,USAER 32
ZIMAPAN,13DPR0972L,VALENTIN GOMEZ FARIAS,PRIMARIA,PRIMARIA GENERAL,3,General,TOTAL,18,0,0,0,0,0,0,3,0,0,0,3,5,7,USAER 57
FRANCISCO I. MADERO,13DPR0973K,20 DE NOVIEMBRE,PRIMARIA,PRIMARIA GENERAL,3,General,TOTAL,2,0,0,0,0,0,0,1,0,1,0,0,0,0,USAER 9
EL ARENAL,13DPR1001G,ESCUELA DEL PUEBLO,PRIMARIA,PRIMARIA GENERAL,3,General,TOTAL,12,1,0,0,0,0,2,7,0,0,0,0,2,0,USAER 49
TIZAYUCA,13DPR1006B,FRIDA KAHLO,PRIMARIA,PRIMARIA GENERAL,3,General,TOTAL,12,0,0,0,1,0,0,3,0,0,0,0,5,3,USAER 53
SAN AGUSTIN TLAXIACA,13DPR1014K,EMILIANO ZAPATA,PRIMARIA,PRIMARIA GENERAL,3,General,TOTAL,11,0,0,0,1,0,1,2,0,1,0,1,0,5,USAER 29
TULA DE ALLENDE,13DPR1018G,HEROES DE CHAPULTEPEC,PRIMARIA,PRIMARIA GENERAL,3,General,TOTAL,23,0,0,0,1,0,0,3,0,1,0,0,0,18,USAER 27
TULANCINGO DE BRAVO,13DPR1019F,PEDRO DE GANTE,PRIMARIA,PRIMARIA GENERAL,3,General,TOTAL,15,0,0,0,0,0,1,2,0,2,0,1,4,5,USAER 4
APAN,13DPR1026P,MANUEL SABINO CRESPO,PRIMARIA,PRIMARIA GENERAL,3,General,TOTAL,20,1,0,0,0,0,0,11,0,0,0,2,6,0,USAER 34
TLAXCOAPAN,13DPR1038U,INOCENCIO VERGARA MONTIEL,PRIMARIA,PRIMARIA GENERAL,3,General,TOTAL,7,0,0,0,0,0,0,0,0,0,0,0,0,7,USAER 17
TULANCINGO DE BRAVO,13DPR1043F,PEDRO LASCOURAIN PAREDES,PRIMARIA,PRIMARIA GENERAL,3,General,TOTAL,9,0,0,0,0,0,0,1,0,0,0,3,1,4,USAER 4
PROGRESO DE OBREGON,13DPR1059G,JUSTO SIERRA,PRIMARIA,PRIMARIA GENERAL,3,General,TOTAL,14,0,1,1,0,0,0,7,0,0,0,1,2,2,USAER 32
MIXQUIAHUALA DE JUAREZ,13DPR1062U,CUAUHTEMOC,PRIMARIA,PRIMARIA GENERAL,3,General,TOTAL,4,0,0,0,0,0,0,1,0,0,0,1,0,2,USAER 42
MINERAL DE LA REFORMA,13DPR1063T,PROFRA. MA. LUISA CERECEDO PEDRAZA,PRIMARIA,PRIMARIA GENERAL,3,General,TOTAL,17,0,0,1,1,0,2,0,0,0,0,0,6,7,USAER 13
PROGRESO DE OBREGON,13DPR1064S,GRAL. ALVARO OBREGON,PRIMARIA,PRIMARIA GENERAL,3,General,TOTAL,7,0,0,0,1,0,0,3,0,2,0,1,0,0,USAER 32
MINERAL DE LA REFORMA,13DPR1073Z,OCTAVIO PAZ,PRIMARIA,PRIMARIA GENERAL,3,General,TOTAL,40,0,2,0,0,0,0,5,0,1,0,3,23,6,USAER 3
TLAHUELILPAN,13DPR1084F,JOSEFA ORTIZ DE DOMINGUEZ,PRIMARIA,PRIMARIA GENERAL,3,General,TOTAL,4,0,0,0,0,0,0,2,0,1,0,1,0,0,USAER 51
TIANGUISTENGO,13DPR1096K,SIMBOLO PROGRESISTA,PRIMARIA,PRIMARIA GENERAL,3,General,TOTAL,22,0,0,0,0,0,0,0,0,0,0,0,17,5,USAER 35
ZIMAPAN,13DPR1101F,BENITO JUAREZ,PRIMARIA,PRIMARIA GENERAL,3,General,TOTAL,20,0,0,0,0,0,0,5,0,0,0,0,4,11,USAER 57
ZIMAPAN,13DPR1102E,RAFAEL RAMIREZ,PRIMARIA,PRIMARIA GENERAL,3,General,TOTAL,3,0,0,0,0,0,2,1,0,0,0,0,0,0,USAER 33
ZIMAPAN,13DPR1104C,BENITO JUAREZ,PRIMARIA,PRIMARIA GENERAL,3,General,TOTAL,9,0,0,0,1,0,0,0,0,0,0,0,1,7,USAER 33
ZIMAPAN,13DPR1105B,MIGUEL HIDALGO,PRIMARIA,PRIMARIA GENERAL,3,General,TOTAL,4,0,0,0,0,0,0,0,0,0,0,1,0,3,USAER 57
ZIMAPAN,13DPR1106A,LAZARO CARDENAS,PRIMARIA,PRIMARIA GENERAL,3,General,TOTAL,12,0,0,0,0,0,0,1,0,0,1,1,0,9,USAER 57
ZIMAPAN,13DPR1107Z,MORELOS,PRIMARIA,PRIMARIA GENERAL,3,General,TOTAL,27,0,0,0,0,0,0,4,0,1,2,1,3,16,USAER 57
CUAUTEPEC DE HINOJOSA,13DPR1133Y,PROFR. ELISEO BANDALA FERNANDEZ,PRIMARIA,PRIMARIA GENERAL,3,General,TOTAL,17,0,0,1,0,0,0,0,0,1,0,2,5,8,USAER 4
LA MISION,13DPR1138T,PONCIANO ARRIAGA,PRIMARIA,PRIMARIA GENERAL,3,General,TOTAL,1,0,0,0,0,0,0,0,0,0,0,0,1,0,USAER 26
PISAFLORES,13DPR1142F,LAZARO CARDENAS,PRIMARIA,PRIMARIA GENERAL,3,General,TOTAL,5,0,0,0,0,0,0,1,0,1,1,0,0,2,USAER 60
TEPEAPULCO,13DPR1145C,ADOLFO LOPEZ MATEOS,PRIMARIA,PRIMARIA GENERAL,3,General,TOTAL,20,0,0,0,0,0,0,3,1,1,0,0,6,9,USAER 15
TEPEAPULCO,13DPR1148Z,JULIAN CARRILLO,PRIMARIA,PRIMARIA GENERAL,3,General,TOTAL,16,0,0,0,0,0,0,1,0,1,1,0,10,3,USAER 10
TECOZAUTLA,13DPR1197I,LIC. BENITO JUAREZ,PRIMARIA,PRIMARIA GENERAL,3,General,TOTAL,17,0,0,0,0,0,1,1,0,1,0,0,7,7,USAER 56
PACHUCA DE SOTO,13DPR1219D,QUETZALCOATL,PRIMARIA,PRIMARIA GENERAL,3,General,TOTAL,21,0,0,0,0,0,0,3,0,0,0,1,8,9,USAER 44
APAN,13DPR1242E,LIC. BENITO JUAREZ,PRIMARIA,PRIMARIA GENERAL,3,General,TOTAL,13,0,0,0,0,0,0,0,0,0,0,3,8,2,USAER 15
ALMOLOYA,13DPR1252L,GRAL. FRANCISCO VILLA,PRIMARIA,PRIMARIA GENERAL,3,General,TOTAL,17,0,0,0,0,0,0,2,0,1,1,0,13,0,USAER 15
ACTOPAN,13DPR1256H,CENTRO ESCOLAR 1940,PRIMARIA,PRIMARIA GENERAL,3,General,TOTAL,16,0,0,0,0,0,1,10,0,0,0,2,3,0,USAER 22
SAN SALVADOR,13DPR1258F,ESCUELA PRIMARIA SECCION XV,PRIMARIA,PRIMARIA GENERAL,3,General,TOTAL,10,0,0,0,0,0,0,10,0,0,0,0,0,0,USAER 45
ACATLAN,13DPR1268M,ING. BARTOLOME VARGAS LUGO,PRIMARIA,PRIMARIA GENERAL,3,General,TOTAL,29,0,2,0,1,0,0,2,0,1,0,1,14,8,USAER 48
ACATLAN,13DPR1277U,EMILIANO ZAPATA,PRIMARIA,PRIMARIA GENERAL,3,General,TOTAL,1,0,0,0,0,0,0,1,0,0,0,0,0,0,USAER 48
MINERAL DEL MONTE,13DPR1293L,IGNACIO ALTAMIRANO,PRIMARIA,PRIMARIA GENERAL,3,General,TOTAL,11,0,0,0,0,0,0,8,0,1,0,0,2,0,USAER 52
PACHUCA DE SOTO,13DPR1306Z,LEONARDO DOMINGUEZ PEREZ,PRIMARIA,PRIMARIA GENERAL,3,General,TOTAL,19,0,1,0,0,0,1,1,0,2,1,0,1,12,USAER 39
FRANCISCO I. MADERO,13DPR1310L,LAZARO CARDENAS,PRIMARIA,PRIMARIA GENERAL,3,General,TOTAL,8,0,0,0,0,0,2,3,0,0,0,0,2,1,USAER 9
TIZAYUCA,13DPR1315G,HEROE DE NACOZARI,PRIMARIA,PRIMARIA GENERAL,3,General,TOTAL,20,0,0,0,0,0,0,1,0,4,0,5,1,9,USAER 31
ATLAPEXCO,13DPR1320S,HEROES DE CHAPULTEPEC,PRIMARIA,PRIMARIA GENERAL,3,General,TOTAL,15,0,0,0,0,0,1,7,0,0,0,0,6,1,USAER 8
EMILIANO ZAPATA,13DPR1323P,BENITO JUAREZ,PRIMARIA,PRIMARIA GENERAL,3,General,TOTAL,9,0,0,0,1,0,0,1,0,2,0,2,3,0,USAER 34
FRANCISCO I. MADERO,13DPR1330Z,JUSTO SIERRA,PRIMARIA,PRIMARIA GENERAL,3,General,TOTAL,1,0,0,0,0,0,0,0,0,1,0,0,0,0,USAER 9
FRANCISCO I. MADERO,13DPR1331Y,MIGUEL HIDALGO,PRIMARIA,PRIMARIA GENERAL,3,General,TOTAL,7,0,0,0,0,0,0,7,0,0,0,0,0,0,USAER 9
FRANCISCO I. MADERO,13DPR1332X,IGNACIO ALLENDE,PRIMARIA,PRIMARIA GENERAL,3,General,TOTAL,19,0,1,0,0,0,1,7,0,0,0,1,7,2,USAER 9
FRANCISCO I. MADERO,13DPR1333W,LIC. CARLOS RAMIREZ GUERRERO,PRIMARIA,PRIMARIA GENERAL,3,General,TOTAL,3,0,0,0,0,0,0,2,0,0,0,1,0,0,USAER 9
HUEJUTLA DE REYES,13DPR1336T,CAPITAN ANTONIO REYES CABRERA,PRIMARIA,PRIMARIA GENERAL,3,General,TOTAL,35,0,0,1,0,0,0,9,0,1,0,5,19,0,USAER 18
PACHUCA DE SOTO,13DPR1338R,FRANCISCO I. MADERO,PRIMARIA,PRIMARIA GENERAL,3,General,TOTAL,33,0,0,0,0,0,0,0,0,0,0,2,22,9,USAER 16
PACHUCA DE SOTO,13DPR1339Q,CENTRO ESCOLAR HIDALGO,PRIMARIA,PRIMARIA GENERAL,3,General,TOTAL,28,0,0,0,1,0,1,4,0,0,0,4,7,11,USAER 1
HUEJUTLA DE REYES,13DPR1343C,LAZARO CARDENAS DEL RIO,PRIMARIA,PRIMARIA GENERAL,3,General,TOTAL,25,0,0,0,0,0,1,5,0,0,0,4,9,6,USAER 7
FRANCISCO I. MADERO,13DPR1344B,LA REFORMA,PRIMARIA,PRIMARIA GENERAL,3,General,TOTAL,11,0,0,0,0,0,0,11,0,0,0,0,0,0,USAER 9
TIZAYUCA,13DPR1401C,LEYES DE REFORMA,PRIMARIA,PRIMARIA GENERAL,3,General,TOTAL,7,0,0,0,0,0,0,0,0,1,0,1,0,5,USAER 53
PACHUCA DE SOTO,13DPR1431X,MARGARITA MAZA DE JUAREZ,PRIMARIA,PRIMARIA GENERAL,3,General,TOTAL,19,0,0,0,0,0,1,2,0,1,0,0,7,8,USAER 1
TULA DE ALLENDE,13DPR1432W,ENRIQUE REBSAMEN,PRIMARIA,PRIMARIA GENERAL,3,General,TOTAL,14,0,0,0,0,0,0,2,0,1,0,1,4,6,USAER 27
ACTOPAN,13DPR1433V,IGNACIO ZARAGOZA,PRIMARIA,PRIMARIA GENERAL,3,General,TOTAL,9,0,0,1,2,0,0,1,0,0,0,2,3,0,USAER 11
PROGRESO DE OBREGON,13DPR1439P,30 DE ABRIL,PRIMARIA,PRIMARIA GENERAL,3,General,TOTAL,5,0,0,0,0,0,0,5,0,0,0,0,0,0,USAER 32
TEZONTEPEC DE ALDAMA,13DPR1445Z,RICARDO FLORES MAGON,PRIMARIA,PRIMARIA GENERAL,3,General,TOTAL,1,0,0,0,0,0,0,0,0,0,0,1,0,0,USAER 42
HUEJUTLA DE REYES,13DPR1449W,JOSE VELAZQUEZ VARGAS,PRIMARIA,PRIMARIA GENERAL,3,General,TOTAL,19,0,0,0,0,0,0,5,0,0,0,1,9,4,USAER 7
LA MISION,13DPR1455G,FRANCISCO GONZALEZ BOCANEGRA,PRIMARIA,PRIMARIA GENERAL,3,General,TOTAL,1,0,0,0,0,0,0,0,0,0,1,0,0,0,USAER 26
LA MISION,13DPR1456F,IGNACIO ZARAGOZA,PRIMARIA,PRIMARIA GENERAL,3,General,TOTAL,4,0,0,0,0,0,0,0,0,1,0,1,2,0,USAER 26
TLANALAPA,13DPR1481E,PLAN DE AYALA,PRIMARIA,PRIMARIA GENERAL,3,General,TOTAL,2,0,0,0,0,0,0,2,0,0,0,0,0,0,USAER 15
ACTOPAN,13DPR1504Z,IGNACIO LOPEZ RAYON,PRIMARIA,PRIMARIA GENERAL,3,General,TOTAL,5,0,0,0,0,0,0,1,0,0,0,1,3,0,USAER 11
APAN,13DPR1654F,BELISARIO DOMINGUEZ,PRIMARIA,PRIMARIA GENERAL,3,General,TOTAL,15,0,0,0,0,0,0,2,0,0,0,0,11,2,USAER 34
PACHUCA DE SOTO,13DPR1657C,FUENTES Y BRAVO,PRIMARIA,PRIMARIA GENERAL,3,General,TOTAL,22,0,0,0,0,0,0,8,0,0,0,0,11,3,USAER 38
TEPEAPULCO,13DPR1659A,FRAY PEDRO DE GANTE,PRIMARIA,PRIMARIA GENERAL,3,General,TOTAL,20,0,0,0,0,0,0,7,0,4,0,4,0,5,USAER 15
ACTOPAN,13DPR1661P,CENTRO ESCOLAR 1940,PRIMARIA,PRIMARIA GENERAL,3,General,TOTAL,19,0,0,0,2,0,0,13,0,4,0,0,0,0,USAER 11
PROGRESO DE OBREGON,13DPR1778O,LAZARO CARDENAS,PRIMARIA,PRIMARIA GENERAL,3,General,TOTAL,5,0,0,0,0,0,0,4,0,0,0,1,0,0,USAER 32
APAN,13DPR1779N,JUSTO SIERRA,PRIMARIA,PRIMARIA GENERAL,3,General,TOTAL,12,0,1,0,0,0,0,0,0,0,0,0,10,1,USAER 34
ATOTONILCO EL GRANDE,13DPR1785Y,LIC. ISAAC PIĂ‘A PEREZ,PRIMARIA,PRIMARIA GENERAL,3,General,TOTAL,13,0,0,0,0,0,0,0,0,2,1,1,0,9,USAER 5
IXMIQUILPAN,13DPR1794F,JUAN DE LA BARRERA,PRIMARIA,PRIMARIA GENERAL,3,General,TOTAL,20,0,0,0,0,0,0,1,0,1,0,1,16,1,USAER 30
TLAHUELILPAN,13DPR1795E,FORD 72,PRIMARIA,PRIMARIA GENERAL,3,General,TOTAL,48,0,0,1,0,0,0,9,14,0,0,18,0,6,USAER 51
TULA DE ALLENDE,13DPR1803X,VENUSTIANO CARRANZA,PRIMARIA,PRIMARIA GENERAL,3,General,TOTAL,23,0,0,0,0,0,0,4,0,0,0,0,0,19,USAER 17
TIZAYUCA,13DPR1806U,REYNALDO GOMEZ ALDANA,PRIMARIA,PRIMARIA GENERAL,3,General,TOTAL,6,0,0,0,0,0,1,2,0,0,0,2,0,1,USAER 31
EMILIANO ZAPATA,13DPR1807T,MIGUEL HIDALGO,PRIMARIA,PRIMARIA GENERAL,3,General,TOTAL,17,0,0,0,0,0,1,2,0,0,0,4,6,4,USAER 15
CUAUTEPEC DE HINOJOSA,13DPR1811F,FELIPE ANGELES,PRIMARIA,PRIMARIA GENERAL,3,General,TOTAL,23,0,0,0,0,0,0,1,0,1,0,1,11,9,USAER 21
PACHUCA DE SOTO,13DPR1855C,PROFR. JOSE MA. LICONA A.,PRIMARIA,PRIMARIA GENERAL,3,General,TOTAL,19,0,0,0,0,0,0,4,0,0,0,2,8,5,USAER 38
ACTOPAN,13DPR1866I,FLORES MAGON,PRIMARIA,PRIMARIA GENERAL,3,General,TOTAL,16,0,0,0,0,0,0,12,0,0,0,0,4,0,USAER 22
PACHUCA DE SOTO,13DPR1868G,VICENTE GUERRERO,PRIMARIA,PRIMARIA GENERAL,3,General,TOTAL,25,0,0,0,0,0,1,3,0,4,0,0,3,14,USAER 1
HUEJUTLA DE REYES,13DPR1873S,LIC. BENITO JUAREZ,PRIMARIA,PRIMARIA GENERAL,3,General,TOTAL,10,0,0,0,0,0,0,4,0,1,0,0,2,3,USAER 8
CUAUTEPEC DE HINOJOSA,13DPR1875Q,CRISTOBAL COLON,PRIMARIA,PRIMARIA GENERAL,3,General,TOTAL,6,0,0,0,0,0,0,1,0,0,0,0,3,2,USAER 21
PACHUCA DE SOTO,13DPR1904V,CIUDAD DE PONFERRADA,PRIMARIA,PRIMARIA GENERAL,3,General,TOTAL,11,0,0,0,0,0,0,0,0,0,0,2,0,9,USAER 2
PACHUCA DE SOTO,13DPR1908R,CARLOS MARTINEZ BALMORI,PRIMARIA,PRIMARIA GENERAL,3,General,TOTAL,13,0,0,2,0,0,0,0,0,2,0,1,5,3,USAER 25
TOLCAYUCA,13DPR1917Z,ITZCOATL,PRIMARIA,PRIMARIA GENERAL,3,General,TOTAL,4,0,0,0,0,0,0,2,0,0,0,0,0,2,USAER 41
PISAFLORES,13DPR1935O,JOSE VASCONCELOS,PRIMARIA,PRIMARIA GENERAL,3,General,TOTAL,2,0,0,0,0,0,1,0,0,1,0,0,0,0,USAER 60
SAN BARTOLO TUTOTEPEC,13DPR1939K,AMADO NERVO,PRIMARIA,PRIMARIA GENERAL,3,General,TOTAL,41,0,19,0,0,0,0,1,1,0,0,3,14,3,USAER 55
ZEMPOALA,13DPR1944W,RAFAEL RAMIREZ,PRIMARIA,PRIMARIA GENERAL,3,General,TOTAL,15,0,0,0,0,0,0,1,0,0,1,1,0,12,USAER 12
PACHUCA DE SOTO,13DPR1953D,MARGARITA MAZA DE JUAREZ,PRIMARIA,PRIMARIA GENERAL,3,General,TOTAL,48,0,14,0,0,0,2,2,2,0,1,1,5,21,USAER 38
ACTOPAN,13DPR1963K,ESFUERZO CAMPESINO,PRIMARIA,PRIMARIA GENERAL,3,General,TOTAL,8,0,0,0,0,0,0,3,0,1,0,2,0,2,USAER 11
ATOTONILCO EL GRANDE,13DPR1993E,ALVARO OBREGON,PRIMARIA,PRIMARIA GENERAL,3,General,TOTAL,13,0,0,0,0,0,0,3,0,0,0,4,6,0,USAER 5
FRANCISCO I. MADERO,13DPR1996B,VICENTE GUERRERO,PRIMARIA,PRIMARIA GENERAL,3,General,TOTAL,6,0,0,0,0,0,0,3,0,0,0,1,0,2,USAER 9
FRANCISCO I. MADERO,13DPR1997A,ESCUADRON AEREO 201,PRIMARIA,PRIMARIA GENERAL,3,General,TOTAL,3,0,0,0,0,0,0,0,0,0,0,0,1,2,USAER 9
HUASCA DE OCAMPO,13DPR2002M,CUAUHTEMOC,PRIMARIA,PRIMARIA GENERAL,3,General,TOTAL,18,0,0,0,1,0,0,0,0,0,0,0,15,2,USAER 5
ACAXOCHITLAN,13DPR2037B,AMADO NERVO,PRIMARIA,PRIMARIA GENERAL,3,General,TOTAL,33,0,1,0,1,0,0,0,0,1,0,1,23,6,USAER 47
ACATLAN,13DPR2076D,BENITO JUAREZ,PRIMARIA,PRIMARIA GENERAL,3,General,TOTAL,7,0,0,0,0,0,0,4,0,3,0,0,0,0,USAER 48
CARDONAL,13DPR2084M,LIC. JESUS ZENIL,PRIMARIA,PRIMARIA GENERAL,3,General,TOTAL,13,0,0,0,0,0,0,2,0,0,0,0,5,6,USAER 58
PACHUCA DE SOTO,13DPR2097Q,LAZARO CARDENAS,PRIMARIA,PRIMARIA GENERAL,3,General,TOTAL,8,0,0,0,1,0,1,1,0,2,0,0,1,2,USAER 12
PACHUCA DE SOTO,13DPR2098P,CUAUHTEMOC,PRIMARIA,PRIMARIA GENERAL,3,General,TOTAL,19,0,0,0,0,0,0,2,0,3,1,2,0,11,USAER 12
FRANCISCO I. MADERO,13DPR2102L,GRAL. ALVARO OBREGON,PRIMARIA,PRIMARIA GENERAL,3,General,TOTAL,16,0,0,0,1,0,0,4,1,0,0,1,1,8,USAER 9
CARDONAL,13DPR2104J,FRANCISCO VILLA,PRIMARIA,PRIMARIA GENERAL,3,General,TOTAL,13,0,0,0,0,0,0,0,0,0,0,0,13,0,USAER 58
ATOTONILCO DE TULA,13DPR2114Q,15 DE SEPTIEMBRE,PRIMARIA,PRIMARIA GENERAL,3,General,TOTAL,21,0,0,0,0,0,0,1,0,0,0,2,17,1,USAER 50
ATOTONILCO DE TULA,13DPR2120A,JUSTO SIERRA,PRIMARIA,PRIMARIA GENERAL,3,General,TOTAL,16,0,3,0,0,0,0,4,1,1,0,1,4,2,USAER 50
TULA DE ALLENDE,13DPR2124X,18 DE MARZO,PRIMARIA,PRIMARIA GENERAL,3,General,TOTAL,15,0,0,0,0,0,0,7,0,2,0,0,1,5,USAER 27
ATOTONILCO DE TULA,13DPR2132F,PROGRESO Y OCAMPO,PRIMARIA,PRIMARIA GENERAL,3,General,TOTAL,21,0,0,0,2,0,0,7,0,0,1,1,10,0,USAER 50
ATOTONILCO DE TULA,13DPR2136B,REVOLUCION,PRIMARIA,PRIMARIA GENERAL,3,General,TOTAL,30,0,0,0,0,0,0,2,0,0,0,1,11,16,USAER 50
ACATLAN,13DPR2144K,BENITO JUAREZ,PRIMARIA,PRIMARIA GENERAL,3,General,TOTAL,6,0,0,0,0,0,0,1,0,1,0,0,1,3,USAER 48
EL ARENAL,13DPR2147H,ESCUELA DEL PUEBLO,PRIMARIA,PRIMARIA GENERAL,3,General,TOTAL,3,0,0,0,0,0,0,3,0,0,0,0,0,0,USAER 49
APAN,13DPR2148G,JOSEFA ORTIZ DE DOMINGUEZ,PRIMARIA,PRIMARIA GENERAL,3,General,TOTAL,19,0,0,0,0,0,1,1,0,0,1,1,13,2,USAER 34
APAN,13DPR2152T,JUAN A. HERNANDEZ,PRIMARIA,PRIMARIA GENERAL,3,General,TOTAL,11,0,0,0,0,0,0,3,0,1,0,3,3,1,USAER 34
EL ARENAL,13DPR2154R,VICENTE GUERRERO,PRIMARIA,PRIMARIA GENERAL,3,General,TOTAL,9,0,0,0,0,0,0,8,0,0,0,0,0,1,USAER 49
EL ARENAL,13DPR2155Q,BARTOLOME VARGAS LUGO,PRIMARIA,PRIMARIA GENERAL,3,General,TOTAL,1,0,0,0,0,0,0,1,0,0,0,0,0,0,USAER 49
APAN,13DPR2159M,HERMENEGILDO GALEANA,PRIMARIA,PRIMARIA GENERAL,3,General,TOTAL,18,0,0,1,0,0,0,2,0,2,0,0,12,1,USAER 34
ALMOLOYA,13DPR2160B,LEONA VICARIO,PRIMARIA,PRIMARIA GENERAL,3,General,TOTAL,9,0,0,0,0,0,0,3,0,0,0,0,6,0,USAER 34
EL ARENAL,13DPR2168U,MANUEL AVILA CAMACHO,PRIMARIA,PRIMARIA GENERAL,3,General,TOTAL,5,0,0,0,0,0,0,2,0,0,0,0,0,3,USAER 49
EL ARENAL,13DPR2173F,BARTOLOME VARGAS LUGO,PRIMARIA,PRIMARIA GENERAL,3,General,TOTAL,12,0,0,0,0,0,1,3,0,1,2,0,0,5,USAER 49
MINERAL DEL MONTE,13DPR2176C,REAL DEL MONTE Y PACHUCA,PRIMARIA,PRIMARIA GENERAL,3,General,TOTAL,17,0,1,0,0,0,2,1,0,1,0,0,3,9,USAER 52
HUEJUTLA DE REYES,13DPR2188H,BENITO JUAREZ,PRIMARIA,PRIMARIA GENERAL,3,General,TOTAL,24,0,1,0,0,0,1,7,0,3,0,1,5,6,USAER 18
PACHUCA DE SOTO,13DPR2194S,PROFR. RAMON G. BONFIL,PRIMARIA,PRIMARIA GENERAL,3,General,TOTAL,16,0,0,0,0,0,0,2,0,7,0,0,0,7,USAER 25
APAN,13DPR2207F,VICENTE GUERRERO,PRIMARIA,PRIMARIA GENERAL,3,General,TOTAL,16,0,1,0,0,0,0,0,0,1,1,2,11,0,USAER 34
HUEHUETLA,13DPR2208E,EMILIANO ZAPATA,PRIMARIA,PRIMARIA GENERAL,3,General,TOTAL,21,0,0,0,0,0,0,13,0,1,1,6,0,0,USAER 61
TULA DE ALLENDE,13DPR2236A,16 DE ENERO,PRIMARIA,PRIMARIA GENERAL,3,General,TOTAL,11,0,0,0,0,0,0,6,0,1,0,0,2,2,USAER 27
HUEJUTLA DE REYES,13DPR2243K,BENITO JUAREZ,PRIMARIA,PRIMARIA GENERAL,3,General,TOTAL,14,0,0,0,0,0,0,5,0,1,0,0,2,6,USAER 8
HUEJUTLA DE REYES,13DPR2257N,FRANCISCO I. MADERO,PRIMARIA,PRIMARIA GENERAL,3,General,TOTAL,14,0,0,0,1,0,0,9,0,0,0,0,0,4,USAER 8
FRANCISCO I. MADERO,13DPR2264X,ADOLFO LOPEZ MATEOS,PRIMARIA,PRIMARIA GENERAL,3,General,TOTAL,6,0,0,0,1,0,0,3,0,0,0,0,2,0,USAER 9
HUEJUTLA DE REYES,13DPR2267U,MIGUEL HIDALGO,PRIMARIA,PRIMARIA GENERAL,3,General,TOTAL,11,0,0,0,0,0,0,4,0,1,0,0,1,5,USAER 8
IXMIQUILPAN,13DPR2305G,FRAY B. DE LAS CASAS,PRIMARIA,PRIMARIA GENERAL,3,General,TOTAL,10,0,0,0,0,0,0,1,0,0,0,0,6,3,USAER 6
IXMIQUILPAN,13DPR2309C,IGNACIO ZARAGOZA,PRIMARIA,PRIMARIA GENERAL,3,General,TOTAL,23,0,3,0,0,0,0,1,0,2,0,0,15,2,USAER 6
IXMIQUILPAN,13DPR2315N,GRAL. PEDRO MARIA ANAYA,PRIMARIA,PRIMARIA GENERAL,3,General,TOTAL,25,0,0,0,0,0,0,3,0,2,0,1,11,8,USAER 6
PROGRESO DE OBREGON,13DPR2316M,IGNACIO ZARAGOZA,PRIMARIA,PRIMARIA GENERAL,3,General,TOTAL,5,0,0,0,0,0,0,5,0,0,0,0,0,0,USAER 32
IXMIQUILPAN,13DPR2322X,JOSE MARIA MORELOS,PRIMARIA,PRIMARIA GENERAL,3,General,TOTAL,8,0,2,0,1,0,0,0,0,0,0,0,4,1,USAER 6
OMITLAN DE JUAREZ,13DPR2325U,RAYMUNDO ENRIQUEZ,PRIMARIA,PRIMARIA GENERAL,3,General,TOTAL,13,0,0,1,0,0,0,2,0,0,0,0,4,6,USAER 5
TULA DE ALLENDE,13DPR2351S,MIGUEL HIDALGO Y COSTILLA,PRIMARIA,PRIMARIA GENERAL,3,General,TOTAL,8,0,0,0,0,0,0,1,0,1,0,4,0,2,USAER 27
TULANCINGO DE BRAVO,13DPR2359K,PABLO LOPEZ VENEGAS,PRIMARIA,PRIMARIA GENERAL,3,General,TOTAL,9,0,5,0,0,0,0,0,0,2,0,2,0,0,USAER 14
JALTOCAN,13DPR2367T,BENITO JUAREZ,PRIMARIA,PRIMARIA GENERAL,3,General,TOTAL,7,0,0,0,0,0,5,0,0,0,0,0,2,0,USAER 8
JALTOCAN,13DPR2372E,HEROES DE CHAPULTEPEC,PRIMARIA,PRIMARIA GENERAL,3,General,TOTAL,13,0,0,0,0,0,0,10,0,0,0,0,3,0,USAER 8
TEZONTEPEC DE ALDAMA,13DPR2421X,JAVIER ROJO GOMEZ,PRIMARIA,PRIMARIA GENERAL,3,General,TOTAL,3,0,0,0,1,0,0,1,0,0,0,0,0,1,USAER 42
ACATLAN,13DPR2423V,VICENTE GUERRERO,PRIMARIA,PRIMARIA GENERAL,3,General,TOTAL,1,0,0,0,0,0,0,1,0,0,0,0,0,0,USAER 48
ALMOLOYA,13DPR2441K,GONZALO G. AGIS,PRIMARIA,PRIMARIA GENERAL,3,General,TOTAL,12,0,0,0,2,0,0,4,0,0,0,1,5,0,USAER 34
EL ARENAL,13DPR2448D,VEINTE DE NOVIEMBRE,PRIMARIA,PRIMARIA GENERAL,3,General,TOTAL,19,0,0,0,0,0,0,13,0,0,0,0,2,4,USAER 49
FRANCISCO I. MADERO,13DPR2478Y,PROFESOR FCO. PALEMON RODRIGUEZ,PRIMARIA,PRIMARIA GENERAL,3,General,TOTAL,10,0,0,0,0,0,0,0,0,1,0,2,3,4,USAER 9
TLAXCOAPAN,13DPR2542I,CARLOS A. CARRILLO,PRIMARIA,PRIMARIA GENERAL,3,General,TOTAL,18,0,0,0,0,0,0,1,0,3,1,1,0,12,USAER 17
IXMIQUILPAN,13DPR2558J,JOSE MARIA MORELOS Y PAVON,PRIMARIA,PRIMARIA GENERAL,3,General,TOTAL,12,0,0,0,1,0,0,0,0,0,0,0,11,0,USAER 6
ACATLAN,13DPR2562W,LAZARO CARDENAS,PRIMARIA,PRIMARIA GENERAL,3,General,TOTAL,6,0,1,1,0,0,0,0,0,0,2,2,0,0,USAER 48
ACTOPAN,13DPR2574A,JUSTO SIERRA,PRIMARIA,PRIMARIA GENERAL,3,General,TOTAL,18,0,0,0,0,0,0,4,0,1,0,0,8,5,USAER 11
SAN FELIPE ORIZATLAN,13DPR2595N,MAESTRO JUSTO SIERRA,PRIMARIA,PRIMARIA GENERAL,3,General,TOTAL,10,0,1,0,0,0,1,3,0,1,0,2,2,0,USAER 8
SAN FELIPE ORIZATLAN,13DPR2598K,NARCISO MENDOZA,PRIMARIA,PRIMARIA GENERAL,3,General,TOTAL,6,3,0,0,1,0,1,0,0,1,0,0,0,0,USAER 8
FRANCISCO I. MADERO,13DPR2601H,NIĂ‘OS HEROES,PRIMARIA,PRIMARIA GENERAL,3,General,TOTAL,3,0,0,0,0,0,0,2,0,0,0,1,0,0,USAER 9
TULA DE ALLENDE,13DPR2619G,VENUSTIANO CARRANZA,PRIMARIA,PRIMARIA GENERAL,3,General,TOTAL,15,0,0,0,0,0,0,7,0,0,0,2,1,5,USAER 27
TULA DE ALLENDE,13DPR2624S,NARCISO MENDOZA,PRIMARIA,PRIMARIA GENERAL,3,General,TOTAL,7,0,0,0,0,0,0,3,0,3,0,1,0,0,USAER 27
TULANCINGO DE BRAVO,13DPR2631B,LEONA VICARIO,PRIMARIA,PRIMARIA GENERAL,3,General,TOTAL,15,0,1,0,0,0,0,2,0,1,1,1,0,9,USAER 4
ZEMPOALA,13DPR2645E,JUSTO SIERRA,PRIMARIA,PRIMARIA GENERAL,3,General,TOTAL,14,0,1,0,0,0,0,4,0,4,0,0,1,4,USAER 10
ZEMPOALA,13DPR2646D,GENERAL FELIPE ANGELES,PRIMARIA,PRIMARIA GENERAL,3,General,TOTAL,10,0,0,0,0,0,1,1,0,2,0,0,4,2,USAER 10
HUEJUTLA DE REYES,13DPR2661W,LAURO AGUIRRE,PRIMARIA,PRIMARIA GENERAL,3,General,TOTAL,25,0,1,0,0,0,0,6,0,1,0,6,8,3,USAER 18
PROGRESO DE OBREGON,13DPR2725Q,LAZARO CARDENAS,PRIMARIA,PRIMARIA GENERAL,3,General,TOTAL,4,0,1,0,0,0,0,0,0,1,0,1,0,1,USAER 37
MIXQUIAHUALA DE JUAREZ,13DPR2785E,AMADO NERVO,PRIMARIA,PRIMARIA GENERAL,3,General,TOTAL,12,0,0,0,0,0,0,6,0,0,0,0,1,5,USAER 37
TEPEAPULCO,13DPR2805B,INDEPENDENCIA,PRIMARIA,PRIMARIA GENERAL,3,General,TOTAL,19,0,0,0,0,0,0,5,0,3,0,4,7,0,USAER 10
IXMIQUILPAN,13DPR2813K,VICENTE GUERRERO,PRIMARIA,PRIMARIA GENERAL,3,General,TOTAL,14,0,0,1,1,0,0,3,0,0,0,0,8,1,USAER 30
SANTIAGO TULANTEPEC DE LUGO GUERRERO,13DPR2816H,JOSE LUGO GUERRERO,PRIMARIA,PRIMARIA GENERAL,3,General,TOTAL,9,0,1,0,1,0,1,1,0,0,0,1,0,4,USAER 21
TULANCINGO DE BRAVO,13DPR2817G,JOSE MARIA MORELOS Y PAVON,PRIMARIA,PRIMARIA GENERAL,3,General,TOTAL,22,0,5,0,0,0,1,4,0,0,0,4,0,8,USAER 4
PROGRESO DE OBREGON,13DPR2823R,MIGUEL HIDALGO Y COSTILLA,PRIMARIA,PRIMARIA GENERAL,3,General,TOTAL,5,0,0,0,0,0,1,3,0,1,0,0,0,0,USAER 32
TLAXCOAPAN,13DPR2824Q,VICENTE GUERRERO,PRIMARIA,PRIMARIA GENERAL,3,General,TOTAL,22,1,0,0,1,0,1,13,0,1,0,2,1,2,USAER 17
ATOTONILCO EL GRANDE,13DPR2827N,LIC. JAVIER ROJO GOMEZ,PRIMARIA,PRIMARIA GENERAL,3,General,TOTAL,19,0,0,0,0,0,0,3,0,1,0,1,13,1,USAER 5
PROGRESO DE OBREGON,13DPR2837U,FELIPE ANGELES,PRIMARIA,PRIMARIA GENERAL,3,General,TOTAL,5,0,0,0,0,0,0,1,0,1,0,0,3,0,USAER 32
TEZONTEPEC DE ALDAMA,13DPR2849Z,BENITO JUAREZ,PRIMARIA,PRIMARIA GENERAL,3,General,TOTAL,17,0,15,0,1,0,0,1,0,0,0,0,0,0,USAER 42
TULANCINGO DE BRAVO,13DPR2863S,JUAN ESCUTIA,PRIMARIA,PRIMARIA GENERAL,3,General,TOTAL,13,0,0,0,0,0,0,0,1,0,0,0,5,7,USAER 4
MINERAL DE LA REFORMA,13DPR2885D,FRIDA KAHLO,PRIMARIA,PRIMARIA GENERAL,3,General,TOTAL,18,0,0,0,1,0,0,1,0,2,0,5,2,7,USAER 25
TIZAYUCA,13DPR2891O,DONACIANO SERNA LEAL,PRIMARIA,PRIMARIA GENERAL,3,General,TOTAL,12,0,0,0,0,0,1,1,0,2,0,2,3,3,USAER 31
TEZONTEPEC DE ALDAMA,13DPR2894L,MIGUEL HIDALGO Y COSTILLA,PRIMARIA,PRIMARIA GENERAL,3,General,TOTAL,1,0,0,0,0,0,0,0,0,0,0,1,0,0,USAER 42
TIZAYUCA,13DPR2896J,DONACIANO SERNA LEAL,PRIMARIA,PRIMARIA GENERAL,3,General,TOTAL,7,0,0,0,0,0,0,1,0,2,2,1,1,0,USAER 20
MINERAL DE LA REFORMA,13DPR2899G,FRIDA KAHLO,PRIMARIA,PRIMARIA GENERAL,3,General,TOTAL,14,0,0,0,2,0,0,2,0,1,0,1,0,8,USAER 13
ZIMAPAN,13DPR2903C,PENSADOR MEXICANO,PRIMARIA,PRIMARIA GENERAL,3,General,TOTAL,18,0,1,0,0,0,0,0,0,0,0,0,9,8,USAER 57
TIZAYUCA,13DPR2911L,JUAN DE DIOS RODRIGUEZ HEREDIA,PRIMARIA,PRIMARIA GENERAL,3,General,TOTAL,1,0,0,0,0,0,0,0,0,0,0,0,0,1,USAER 20
PACHUCA DE SOTO,13DPR2915H,CENTRO ESCOLAR HIDALGO,PRIMARIA,PRIMARIA GENERAL,3,General,TOTAL,23,0,0,1,0,0,1,5,0,2,1,1,3,9,USAER 3
TIZAYUCA,13DPR2917F,JOSE VASCONCELOS,PRIMARIA,PRIMARIA GENERAL,3,General,TOTAL,1,0,0,0,0,0,0,1,0,0,0,0,0,0,USAER 53
TIZAYUCA,13DPR2926N,SOR JUANA INES DE LA CRUZ,PRIMARIA,PRIMARIA GENERAL,3,General,TOTAL,5,0,4,1,0,0,0,0,0,0,0,0,0,0,USAER 20
MINERAL DE LA REFORMA,13DPR2929K,ITZAMNA,PRIMARIA,PRIMARIA GENERAL,3,General,TOTAL,18,0,0,0,0,0,0,2,0,0,0,2,1,13,USAER 12
PACHUCA DE SOTO,13DPR2935V,EMILIANO ZAPATA,PRIMARIA,PRIMARIA GENERAL,3,General,TOTAL,22,0,0,0,0,0,1,0,0,1,0,0,6,14,USAER 16
MINERAL DE LA REFORMA,13DPR2936U,JUAN RULFO,PRIMARIA,PRIMARIA GENERAL,3,General,TOTAL,22,1,0,0,0,0,1,0,0,1,0,2,1,16,USAER 16
MINERAL DE LA REFORMA,13DPR2937T,EFREN ANGELES PEREZ,PRIMARIA,PRIMARIA GENERAL,3,General,TOTAL,13,0,1,0,0,0,0,1,0,2,0,1,8,0,USAER 24
TIZAYUCA,13DPR2939R,CARLOS FUENTES,PRIMARIA,PRIMARIA GENERAL,3,General,TOTAL,17,0,0,0,3,0,1,6,0,4,0,2,1,0,USAER 53
ZEMPOALA,13DPR2956H,FRATERNIDAD HIDALGUENSE,PRIMARIA,PRIMARIA GENERAL,3,General,TOTAL,11,0,0,0,1,0,0,1,0,3,0,2,4,0,USAER 39
TOLCAYUCA,13DPR2961T,JAIME SABINES,PRIMARIA,PRIMARIA GENERAL,3,General,TOTAL,12,0,0,0,0,0,0,1,0,2,0,3,1,5,USAER 31
TIZAYUCA,13DPR2979S,MIGUEL HIDALGO Y COSTILLA,PRIMARIA,PRIMARIA GENERAL,3,General,TOTAL,10,0,0,0,0,0,0,0,0,10,0,0,0,0,USAER 20
ZIMAPAN,13DES0006O,JOSEFA BUSTAMANTE,SECUNDARIA,SECUNDARIA GENERAL,4,General,TOTAL,9,0,0,0,0,0,0,7,1,0,1,0,0,0,USAER 33
ZIMAPAN,13DES0006O,JOSEFA BUSTAMANTE,SECUNDARIA,SECUNDARIA GENERAL,4,General,TOTAL,9,0,0,0,0,0,0,5,3,0,0,1,0,0,USAER 33
HUEJUTLA DE REYES,13DES0009L,HEROE ANTONIO REYES,SECUNDARIA,SECUNDARIA GENERAL,4,General,TOTAL,17,0,1,0,0,0,0,1,0,0,0,8,7,0,USAER 36
IXMIQUILPAN,13DES0010A,JUSTO SIERRA,SECUNDARIA,SECUNDARIA GENERAL,4,General,TOTAL,14,0,0,0,1,0,0,0,0,2,1,2,6,2,USAER 6
IXMIQUILPAN,13DES0010A,JUSTO SIERRA,SECUNDARIA,SECUNDARIA GENERAL,4,General,TOTAL,26,1,0,0,0,0,1,0,0,0,0,2,15,7,USAER 6
ATOTONILCO EL GRANDE,13DES0011Z,LIC. JORGE VIESCA PALMA,SECUNDARIA,SECUNDARIA GENERAL,4,General,TOTAL,5,0,0,0,0,0,0,0,0,0,0,0,2,3,USAER 5
ATOTONILCO EL GRANDE,13DES0011Z,LIC. JORGE VIESCA PALMA,SECUNDARIA,SECUNDARIA GENERAL,4,General,TOTAL,17,0,4,0,0,0,0,0,0,0,0,5,0,8,USAER 5
TLAXCOAPAN,13DES0013Y,LIC. BENITO JUAREZ,SECUNDARIA,SECUNDARIA GENERAL,4,General,TOTAL,1,0,0,0,0,0,0,1,0,0,0,0,0,0,USAER 17
TLAXCOAPAN,13DES0013Y,LIC. BENITO JUAREZ,SECUNDARIA,SECUNDARIA GENERAL,4,General,TOTAL,6,0,1,0,0,0,1,1,0,0,0,0,0,3,USAER 17
PACHUCA DE SOTO,13DES0014X,ESCUELA SECUNDARIA GENERAL 1,SECUNDARIA,SECUNDARIA GENERAL,4,General,TOTAL,28,0,0,0,2,0,0,0,0,3,0,7,9,7,USAER 38
PACHUCA DE SOTO,13DES0014X,ESCUELA SECUNDARIA GENERAL 1,SECUNDARIA,SECUNDARIA GENERAL,4,General,TOTAL,20,0,3,0,0,0,0,9,0,2,0,0,6,0,USAER 38
TIZAYUCA,13DES0015W,MAESTRO JUSTO SIERRA,SECUNDARIA,SECUNDARIA GENERAL,4,General,TOTAL,30,0,0,0,0,0,0,0,0,0,0,0,0,30,USAER 20
TIZAYUCA,13DES0015W,MAESTRO JUSTO SIERRA,SECUNDARIA,SECUNDARIA GENERAL,4,General,TOTAL,9,0,0,0,0,0,0,0,0,0,0,0,0,9,USAER 20
SAN SALVADOR,13DES0016V,IGNACIO M. ALTAMIRANO,SECUNDARIA,SECUNDARIA GENERAL,4,General,TOTAL,13,0,0,0,0,0,0,8,0,0,1,0,0,4,USAER 45
PACHUCA DE SOTO,13DES0018T,ESCUELA SECUNDARIA GENERAL 2,SECUNDARIA,SECUNDARIA GENERAL,4,General,TOTAL,39,0,0,1,2,0,5,1,2,0,0,4,0,24,USAER 12
PACHUCA DE SOTO,13DES0018T,ESCUELA SECUNDARIA GENERAL 2,SECUNDARIA,SECUNDARIA GENERAL,4,General,TOTAL,17,0,0,0,0,0,0,4,0,2,0,3,4,4,USAER 12
PROGRESO DE OBREGON,13DES0022F,LIC. ADOLFO LOPEZ MATEOS,SECUNDARIA,SECUNDARIA GENERAL,4,General,TOTAL,3,0,0,0,0,0,1,0,0,2,0,0,0,0,USAER 37
PROGRESO DE OBREGON,13DES0022F,LIC. ADOLFO LOPEZ MATEOS,SECUNDARIA,SECUNDARIA GENERAL,4,General,TOTAL,20,0,0,0,1,0,0,3,1,2,9,4,0,0,USAER 37
TIANGUISTENGO,13DES0023E,GABRIEL ALARCON CHARGOY,SECUNDARIA,SECUNDARIA GENERAL,4,General,TOTAL,26,0,0,0,0,0,0,5,0,0,0,0,12,9,USAER 35
SAN SALVADOR,13DES0027A,JAVIER ROJO GOMEZ,SECUNDARIA,SECUNDARIA GENERAL,4,General,TOTAL,10,0,0,0,1,0,0,8,0,0,1,0,0,0,USAER 45
FRANCISCO I. MADERO,13DES0039F,EMILIANO ZAPATA,SECUNDARIA,SECUNDARIA GENERAL,4,General,TOTAL,12,0,0,0,0,0,1,3,0,0,0,3,5,0,USAER 9
HUEJUTLA DE REYES,13DES0041U,ESCUELA SECUNDARIA GENERAL 2,SECUNDARIA,SECUNDARIA GENERAL,4,General,TOTAL,14,0,7,0,0,0,1,0,0,0,0,0,4,2,USAER 36
HUEJUTLA DE REYES,13DES0041U,ESCUELA SECUNDARIA GENERAL 2,SECUNDARIA,SECUNDARIA GENERAL,4,General,TOTAL,11,0,0,0,0,0,1,5,0,1,0,0,0,4,USAER 36
IXMIQUILPAN,13DES0046P,LIBERTADORES DE AMERICA,SECUNDARIA,SECUNDARIA GENERAL,4,General,TOTAL,29,0,0,0,0,0,0,0,0,0,0,1,27,1,USAER 30
SAN BARTOLO TUTOTEPEC,13DES0051A,GRAL. FELIPE ANGELES,SECUNDARIA,SECUNDARIA GENERAL,4,General,TOTAL,31,0,8,0,0,0,0,3,0,2,0,0,12,6,USAER 55
ZIMAPAN,13DES0059T,FELIPE ANGELES,SECUNDARIA,SECUNDARIA GENERAL,4,General,TOTAL,11,0,1,0,0,0,1,4,0,1,0,1,0,3,USAER 33
TULA DE ALLENDE,13DES0060I,LAZARO CARDENAS,SECUNDARIA,SECUNDARIA GENERAL,4,General,TOTAL,9,0,0,0,0,0,2,0,0,2,0,1,0,4,USAER 27
MIXQUIAHUALA DE JUAREZ,13DES0065D,PROFR. DAVID NOBLE,SECUNDARIA,SECUNDARIA GENERAL,4,General,TOTAL,8,0,2,0,0,0,0,5,0,0,0,1,0,0,USAER 37
MIXQUIAHUALA DE JUAREZ,13DES0065D,PROFR. DAVID NOBLE,SECUNDARIA,SECUNDARIA GENERAL,4,General,TOTAL,10,0,0,0,0,0,0,8,0,2,0,0,0,0,USAER 37
PISAFLORES,13DES0078H,NICOLAS FLORES,SECUNDARIA,SECUNDARIA GENERAL,4,General,TOTAL,12,0,0,0,0,0,0,1,0,0,0,1,5,5,USAER 60
TIZAYUCA,13DES0084S,RAUL GUERRERO GUERRERO,SECUNDARIA,SECUNDARIA GENERAL,4,General,TOTAL,11,0,0,0,2,0,1,3,0,2,0,2,0,1,USAER 31
FRANCISCO I. MADERO,13DES0093Z,GUILLERMO PEREZ ANGELES,SECUNDARIA,SECUNDARIA GENERAL,4,General,TOTAL,3,0,0,0,0,0,0,1,0,0,0,0,0,2,USAER 9
APAN,13DES0094Z,CULTURA Y PATRIA,SECUNDARIA,SECUNDARIA GENERAL,4,General,TOTAL,13,0,2,0,1,0,0,3,0,0,0,0,7,0,USAER 34
MINERAL DEL CHICO,13DES0095Y,FRANCISCO VILLA,SECUNDARIA,SECUNDARIA GENERAL,4,General,TOTAL,17,0,16,1,0,0,0,0,0,0,0,0,0,0,USAER 52
MIXQUIAHUALA DE JUAREZ,13DES0100T,PROFR. GREGORIO TORRES QUINTERO,SECUNDARIA,SECUNDARIA GENERAL,4,General,TOTAL,6,0,0,0,0,0,0,4,0,1,0,0,1,0,USAER 42
TIZAYUCA,13DES0102R,ISMAEL VILLASEĂ‘OR RAMIREZ,SECUNDARIA,SECUNDARIA GENERAL,4,General,TOTAL,8,1,0,0,0,0,0,1,0,0,0,1,4,1,USAER 53
PACHUCA DE SOTO,13DES0103Q,RICARDO GARIBAY ORTEGA,SECUNDARIA,SECUNDARIA GENERAL,4,General,TOTAL,31,0,1,0,2,0,1,6,0,3,0,4,10,4,USAER 43
PACHUCA DE SOTO,13DES0103Q,RICARDO GARIBAY ORTEGA,SECUNDARIA,SECUNDARIA GENERAL,4,General,TOTAL,12,0,0,0,0,0,6,0,0,0,0,0,0,6,USAER 43
TIZAYUCA,13DES0108L,PROFR. ARNULFO PACHECO CRUZ,SECUNDARIA,SECUNDARIA GENERAL,4,General,TOTAL,9,0,0,0,0,0,0,1,0,1,0,3,0,4,USAER 53
PACHUCA DE SOTO,13DES0116U,PROCERES DE LA NACION,SECUNDARIA,SECUNDARIA GENERAL,4,General,TOTAL,11,0,0,0,1,0,1,1,0,0,0,2,1,5,USAER 44
TIZAYUCA,13DES0125B,ELISA ACUĂ‘A ROSSETTI,SECUNDARIA,SECUNDARIA GENERAL,4,General,TOTAL,9,0,0,0,0,0,1,1,0,0,0,3,0,4,USAER 20
TIZAYUCA,13DES0125B,ELISA ACUĂ‘A ROSSETTI,SECUNDARIA,SECUNDARIA GENERAL,4,General,TOTAL,4,0,0,0,0,0,0,0,0,0,0,4,0,0,USAER 20
SAN FELIPE ORIZATLAN,13DST0007F,ESCUELA SECUNDARIA TECNICA 7,SECUNDARIA,SECUNDARIA TECNICA,4,Téc. Agropecuaria,TOTAL,23,0,0,0,1,0,1,9,3,1,0,2,2,4,USAER 8
FRANCISCO I. MADERO,13DST0014P,ESCUELA SECUNDARIA TECNICA 14,SECUNDARIA,SECUNDARIA TECNICA,4,Téc. Agropecuaria,TOTAL,12,0,0,0,0,0,2,4,0,0,0,0,3,3,USAER 9
TEPEAPULCO,13DST0026U,ESCUELA SECUNDARIA TECNICA 26,SECUNDARIA,SECUNDARIA TECNICA,4,Téc. Industrial,TOTAL,9,0,0,0,0,0,3,1,0,2,0,1,0,2,USAER 15
TEPEAPULCO,13DST0026U,ESCUELA SECUNDARIA TECNICA 26,SECUNDARIA,SECUNDARIA TECNICA,4,Téc. Industrial,TOTAL,25,0,0,0,0,0,1,1,1,1,0,1,20,0,USAER 15
TULA DE ALLENDE,13DST0053R,ESCUELA SECUNDARIA TECNICA 52,SECUNDARIA,SECUNDARIA TECNICA,4,Téc. Industrial,TOTAL,1,0,0,0,0,0,0,0,0,0,0,1,0,0,USAER 17
TULA DE ALLENDE,13DST0053R,ESCUELA SECUNDARIA TECNICA 52,SECUNDARIA,SECUNDARIA TECNICA,4,Téc. Industrial,TOTAL,10,0,0,0,0,0,0,0,4,0,0,6,0,0,USAER 17
PACHUCA DE SOTO,13DST0055P,ESCUELA SECUNDARIA TECNICA 40,SECUNDARIA,SECUNDARIA TECNICA,4,Téc. Industrial,TOTAL,24,0,0,0,1,0,0,9,8,1,0,3,1,1,USAER 24
PACHUCA DE SOTO,13DST0055P,ESCUELA SECUNDARIA TECNICA 40,SECUNDARIA,SECUNDARIA TECNICA,4,Téc. Industrial,TOTAL,20,0,0,0,2,0,4,1,8,1,0,4,0,0,USAER 24
ACTOPAN,13DST0061Z,ESCUELA SECUNDARIA TECNICA 61,SECUNDARIA,SECUNDARIA TECNICA,4,Téc. Industrial,TOTAL,10,0,0,0,1,0,1,5,1,0,0,1,0,1,USAER 11
MINERAL DE LA REFORMA,13DST0062Z,ESCUELA SECUNDARIA TECNICA 62,SECUNDARIA,SECUNDARIA TECNICA,4,Téc. Industrial,TOTAL,34,0,1,0,2,0,0,7,0,3,1,2,4,14,USAER 24
MINERAL DE LA REFORMA,13DST0062Z,ESCUELA SECUNDARIA TECNICA 62,SECUNDARIA,SECUNDARIA TECNICA,4,Téc. Industrial,TOTAL,3,0,0,0,0,0,0,0,0,0,0,0,1,2,USAER 24
PROGRESO DE OBREGON,13DST0063Y,ESCUELA SECUNDARIA TECNICA 63,SECUNDARIA,SECUNDARIA TECNICA,4,Téc. Industrial,TOTAL,8,0,0,0,0,0,0,0,0,0,0,1,1,6,USAER 32
ZEMPOALA,13DST0074D,ESCUELA SECUNDARIA TECNICA 69,SECUNDARIA,SECUNDARIA TECNICA,4,Téc. Industrial,TOTAL,13,0,0,0,1,0,2,3,0,1,0,6,0,0,USAER 29
ZEMPOALA,13DTV0013D,TELESECUNDARIA 13,SECUNDARIA,TELESECUNDARIA,4,Telesecundaria,TOTAL,17,0,0,0,1,0,0,3,0,0,0,0,10,3,USAER 10
ZAPOTLAN DE JUAREZ,13DTV0023K,TELESECUNDARIA 23,SECUNDARIA,TELESECUNDARIA,4,Telesecundaria,TOTAL,9,0,0,0,0,0,1,8,0,0,0,0,0,0,USAER 40
TULANCINGO DE BRAVO,13DTV0029E,TELESECUNDARIA 29,SECUNDARIA,TELESECUNDARIA,4,Telesecundaria,TOTAL,32,1,0,0,0,0,2,7,1,4,1,3,3,10,USAER 21
PROGRESO DE OBREGON,13DTV0031T,TELESECUNDARIA 31,SECUNDARIA,TELESECUNDARIA,4,Telesecundaria,TOTAL,21,0,1,1,0,0,1,15,1,0,1,1,0,0,USAER 32
ZEMPOALA,13DTV0036O,TELESECUNDARIA 36,SECUNDARIA,TELESECUNDARIA,4,Telesecundaria,TOTAL,5,0,0,0,0,0,0,4,1,0,0,0,0,0,USAER 10
JACALA DE LEDEZMA,13DTV0040A,TELESECUNDARIA 276,SECUNDARIA,TELESECUNDARIA,4,Telesecundaria,TOTAL,28,0,0,0,0,0,1,0,0,0,0,0,22,5,USAER 26
ZAPOTLAN DE JUAREZ,13DTV0042Z,TELESECUNDARIA 42,SECUNDARIA,TELESECUNDARIA,4,Telesecundaria,TOTAL,12,0,1,0,0,0,0,3,1,2,4,0,0,1,USAER 40
METEPEC,13DTV0048T,TELESECUNDARIA 48,SECUNDARIA,TELESECUNDARIA,4,Telesecundaria,TOTAL,13,0,0,0,1,0,1,0,0,0,0,0,10,1,USAER 46
TEZONTEPEC DE ALDAMA,13DTV0049S,TELESECUNDARIA 49,SECUNDARIA,TELESECUNDARIA,4,Telesecundaria,TOTAL,34,0,16,1,0,0,0,17,0,0,0,0,0,0,USAER 42
LA MISION,13DTV0050H,TELESECUNDARIA 299,SECUNDARIA,TELESECUNDARIA,4,Telesecundaria,TOTAL,5,0,0,0,0,0,0,2,0,0,0,0,3,0,USAER 26
TEPEAPULCO,13DTV0054D,TELESECUNDARIA 54,SECUNDARIA,TELESECUNDARIA,4,Telesecundaria,TOTAL,8,0,0,0,0,0,0,2,0,0,0,0,6,0,USAER 10
ACATLAN,13DTV0057A,TELESECUNDARIA 57,SECUNDARIA,TELESECUNDARIA,4,Telesecundaria,TOTAL,31,0,2,0,1,0,0,1,0,3,0,2,20,2,USAER 48
MIXQUIAHUALA DE JUAREZ,13DTV0070V,TELESECUNDARIA 70,SECUNDARIA,TELESECUNDARIA,4,Telesecundaria,TOTAL,15,0,0,0,0,0,0,14,0,0,1,0,0,0,USAER 42
ZAPOTLAN DE JUAREZ,13DTV0072T,TELESECUNDARIA 72,SECUNDARIA,TELESECUNDARIA,4,Telesecundaria,TOTAL,12,0,0,0,0,0,0,3,0,0,0,0,5,4,USAER 40
HUEJUTLA DE REYES,13DTV0103W,TELESECUNDARIA 103,SECUNDARIA,TELESECUNDARIA,4,Telesecundaria,TOTAL,18,0,0,0,0,0,0,10,0,0,0,0,0,8,USAER 8
ACAXOCHITLAN,13DTV0107S,TELESECUNDARIA 107,SECUNDARIA,TELESECUNDARIA,4,Telesecundaria,TOTAL,1,0,0,0,0,0,0,1,0,0,0,0,0,0,USAER 47
TEZONTEPEC DE ALDAMA,13DTV0113C,TELESECUNDARIA 113,SECUNDARIA,TELESECUNDARIA,4,Telesecundaria,TOTAL,3,0,0,1,0,0,0,2,0,0,0,0,0,0,USAER 42
ATOTONILCO EL GRANDE,13DTV0120M,TELESECUNDARIA 120,SECUNDARIA,TELESECUNDARIA,4,Telesecundaria,TOTAL,8,0,0,0,0,0,0,1,0,0,0,0,7,0,USAER 5
SINGUILUCAN,13DTV0134P,TELESECUNDARIA 329,SECUNDARIA,TELESECUNDARIA,4,Telesecundaria,TOTAL,13,0,0,0,0,1,0,1,0,0,0,0,6,5,USAER 21
TOLCAYUCA,13DTV0139K,TELESECUNDARIA 324,SECUNDARIA,TELESECUNDARIA,4,Telesecundaria,TOTAL,12,0,1,0,1,0,0,5,0,1,0,1,0,3,USAER 41
MINERAL DEL MONTE,13DTV0140Z,TELESECUNDARIA 5,SECUNDARIA,TELESECUNDARIA,4,Telesecundaria,TOTAL,17,0,0,0,0,0,0,8,0,3,0,0,6,0,USAER 52
OMITLAN DE JUAREZ,13DTV0141Z,TELESECUNDARIA 3,SECUNDARIA,TELESECUNDARIA,4,Telesecundaria,TOTAL,3,0,0,0,0,0,0,2,0,0,0,0,1,0,USAER 5
ATOTONILCO DE TULA,13DTV0149R,TELESECUNDARIA 225,SECUNDARIA,TELESECUNDARIA,4,Telesecundaria,TOTAL,30,0,2,0,0,0,1,5,0,0,0,3,15,4,USAER 50
ACATLAN,13DTV0151F,TELESECUNDARIA 212,SECUNDARIA,TELESECUNDARIA,4,Telesecundaria,TOTAL,9,0,0,0,0,0,0,2,0,0,0,0,4,3,USAER 48
TEPEJI DEL RIO DE OCAMPO,13DTV0163K,TELESECUNDARIA 330,SECUNDARIA,TELESECUNDARIA,4,Telesecundaria,TOTAL,7,0,0,0,0,0,1,0,0,2,0,1,0,3,USAER 28
EMILIANO ZAPATA,13DTV0170U,TELESECUNDARIA 180,SECUNDARIA,TELESECUNDARIA,4,Telesecundaria,TOTAL,29,0,0,0,0,0,0,2,0,0,0,2,25,0,USAER 34
TEPEAPULCO,13DTV0174Q,TELESECUNDARIA 337,SECUNDARIA,TELESECUNDARIA,4,Telesecundaria,TOTAL,18,0,0,0,0,0,0,1,0,0,2,0,15,0,USAER 10
MINERAL DEL CHICO,13DTV0198Z,TELESECUNDARIA 194,SECUNDARIA,TELESECUNDARIA,4,Telesecundaria,TOTAL,8,0,0,0,0,0,0,1,0,0,0,0,7,0,USAER 52
TIZAYUCA,13DTV0219W,TELESECUNDARIA 189,SECUNDARIA,TELESECUNDARIA,4,Telesecundaria,TOTAL,25,0,0,0,1,0,0,15,0,3,0,5,0,1,USAER 53
FRANCISCO I. MADERO,13DTV0224H,TELESECUNDARIA 239,SECUNDARIA,TELESECUNDARIA,4,Telesecundaria,TOTAL,17,0,0,2,0,0,0,12,0,2,0,0,1,0,USAER 9
MIXQUIAHUALA DE JUAREZ,13DTV0228D,TELESECUNDARIA 243,SECUNDARIA,TELESECUNDARIA,4,Telesecundaria,TOTAL,7,0,0,0,0,0,0,1,0,0,0,0,0,6,USAER 42
PROGRESO DE OBREGON,13DTV0230S,TELESECUNDARIA 176,SECUNDARIA,TELESECUNDARIA,4,Telesecundaria,TOTAL,13,0,0,0,0,0,1,7,0,0,0,0,5,0,USAER 32
TLAXCOAPAN,13DTV0233P,TELESECUNDARIA 247,SECUNDARIA,TELESECUNDARIA,4,Telesecundaria,TOTAL,18,0,0,0,1,0,1,6,0,0,0,0,0,10,USAER 51
ACTOPAN,13DTV0263J,LEONARDO RAMIREZ HERNANDEZ,SECUNDARIA,TELESECUNDARIA,4,Telesecundaria,TOTAL,1,0,0,0,0,0,0,0,0,0,1,0,0,0,USAER 11
IXMIQUILPAN,13DTV0264I,TELESECUNDARIA 139,SECUNDARIA,TELESECUNDARIA,4,Telesecundaria,TOTAL,6,0,0,0,0,0,0,2,0,0,0,1,0,3,USAER 6
MIXQUIAHUALA DE JUAREZ,13DTV0268E,TELESECUNDARIA 254,SECUNDARIA,TELESECUNDARIA,4,Telesecundaria,TOTAL,8,0,0,0,0,0,1,3,0,0,0,4,0,0,USAER 42
TULA DE ALLENDE,13DTV0274P,TELESECUNDARIA 259,SECUNDARIA,TELESECUNDARIA,4,Telesecundaria,TOTAL,10,0,0,0,0,0,2,5,0,0,0,3,0,0,USAER 27
EL ARENAL,13DTV0277M,TELESECUNDARIA 352,SECUNDARIA,TELESECUNDARIA,4,Telesecundaria,TOTAL,6,0,0,0,0,0,0,6,0,0,0,0,0,0,USAER 49
TULANCINGO DE BRAVO,13DTV0286U,TELESECUNDARIA 268,SECUNDARIA,TELESECUNDARIA,4,Telesecundaria,TOTAL,14,0,0,0,0,0,0,1,0,0,0,3,7,3,USAER 46
EL ARENAL,13DTV0300X,TELESECUNDARIA 358,SECUNDARIA,TELESECUNDARIA,4,Telesecundaria,TOTAL,7,0,0,0,0,0,0,6,0,1,0,0,0,0,USAER 49
ZIMAPAN,13DTV0308P,TELESECUNDARIA 366,SECUNDARIA,TELESECUNDARIA,4,Telesecundaria,TOTAL,13,0,0,0,0,0,2,9,0,0,0,1,0,1,USAER 57
ZIMAPAN,13DTV0327D,TELESECUNDARIA 385,SECUNDARIA,TELESECUNDARIA,4,Telesecundaria,TOTAL,12,0,0,0,1,0,0,0,0,1,0,0,3,7,USAER 57
IXMIQUILPAN,13DTV0339I,TELESECUNDARIA 396,SECUNDARIA,TELESECUNDARIA,4,Telesecundaria,TOTAL,25,0,0,0,0,0,2,3,0,1,1,1,16,1,USAER 30
IXMIQUILPAN,13DTV0340Y,TELESECUNDARIA 400,SECUNDARIA,TELESECUNDARIA,4,Telesecundaria,TOTAL,5,0,0,0,0,0,0,0,0,0,3,0,2,0,USAER 30
ACATLAN,13DTV0360L,TELESECUNDARIA 418,SECUNDARIA,TELESECUNDARIA,4,Telesecundaria,TOTAL,12,0,0,0,0,0,0,1,0,1,0,1,6,3,USAER 48
ACTOPAN,13DTV0391E,TELESECUNDARIA 15,SECUNDARIA,TELESECUNDARIA,4,Telesecundaria,TOTAL,6,0,0,0,0,0,0,0,0,0,0,0,0,6,USAER 11
ZEMPOALA,13DTV0406Q,TELESECUNDARIA 50,SECUNDARIA,TELESECUNDARIA,4,Telesecundaria,TOTAL,15,0,0,0,0,0,0,1,0,0,0,1,11,2,USAER 10
ACTOPAN,13DTV0409N,TELESECUNDARIA 53,SECUNDARIA,TELESECUNDARIA,4,Telesecundaria,TOTAL,4,0,0,0,0,0,0,4,0,0,0,0,0,0,USAER 11
IXMIQUILPAN,13DTV0421I,TELESECUNDARIA 62,SECUNDARIA,TELESECUNDARIA,4,Telesecundaria,TOTAL,5,0,0,0,0,0,0,3,0,0,0,2,0,0,USAER 6
SAN FELIPE ORIZATLAN,13DTV0423G,TELESECUNDARIA 67,SECUNDARIA,TELESECUNDARIA,4,Telesecundaria,TOTAL,4,0,0,0,0,0,0,4,0,0,0,0,0,0,USAER 8
JACALA DE LEDEZMA,13DTV0431P,TELESECUNDARIA 93,SECUNDARIA,TELESECUNDARIA,4,Telesecundaria,TOTAL,8,0,0,0,1,0,0,1,0,1,0,0,2,3,USAER 26
TULANCINGO DE BRAVO,13DTV0465F,TELESECUNDARIA 449,SECUNDARIA,TELESECUNDARIA,4,Telesecundaria,TOTAL,20,0,1,0,0,0,0,0,0,3,0,1,6,9,USAER 21
ACTOPAN,13DTV0487R,TELESECUNDARIA 519,SECUNDARIA,TELESECUNDARIA,4,Telesecundaria,TOTAL,3,0,0,0,0,0,0,3,0,0,0,0,0,0,USAER 11
CHILCUAUTLA,13DTV0510B,TELESECUNDARIA 470,SECUNDARIA,TELESECUNDARIA,4,Telesecundaria,TOTAL,15,0,0,0,0,0,1,0,0,0,0,0,8,6,USAER 30
FRANCISCO I. MADERO,13DTV0512Z,TELESECUNDARIA 471,SECUNDARIA,TELESECUNDARIA,4,Telesecundaria,TOTAL,20,0,2,1,0,0,0,12,0,1,0,1,0,3,USAER 9
SAN BARTOLO TUTOTEPEC,13DTV0552A,TELESECUNDARIA 508,SECUNDARIA,TELESECUNDARIA,4,Telesecundaria,TOTAL,8,0,0,0,0,0,0,5,1,1,0,1,0,0,USAER 55
TASQUILLO,13DTV0553Z,TELESECUNDARIA 537,SECUNDARIA,TELESECUNDARIA,4,Telesecundaria,TOTAL,2,0,0,0,1,0,0,0,0,0,0,1,0,0,USAER 33
TULANCINGO DE BRAVO,13DTV0571P,TELESECUNDARIA 559,SECUNDARIA,TELESECUNDARIA,4,Telesecundaria,TOTAL,16,0,0,0,0,0,0,0,0,0,9,0,4,3,USAER 46
TOLCAYUCA,13DTV0598W,TELESECUNDARIA 567,SECUNDARIA,TELESECUNDARIA,4,Telesecundaria,TOTAL,4,0,0,0,0,0,1,1,0,0,0,0,0,2,USAER 41
PACHUCA DE SOTO,13DTV0599V,TELESECUNDARIA 566,SECUNDARIA,TELESECUNDARIA,4,Telesecundaria,TOTAL,46,0,1,0,1,0,2,4,0,0,0,8,11,19,USAER 12
HUEJUTLA DE REYES,13DTV0600U,TELESECUNDARIA 609,SECUNDARIA,TELESECUNDARIA,4,Telesecundaria,TOTAL,21,0,0,0,2,0,0,7,0,1,6,2,0,3,USAER 18
ACATLAN,13DTV0674L,TELESECUNDARIA 674,SECUNDARIA,TELESECUNDARIA,4,Telesecundaria,TOTAL,2,0,1,0,0,0,0,0,0,0,0,0,1,0,USAER 48
PACHUCA DE SOTO,13DTV0697W,TELESECUNDARIA 697,SECUNDARIA,TELESECUNDARIA,4,Telesecundaria,TOTAL,17,0,0,0,0,0,0,2,0,2,0,1,3,9,USAER 12
PACHUCA DE SOTO,13DTV0701S,TELESECUNDARIA 701,SECUNDARIA,TELESECUNDARIA,4,Telesecundaria,TOTAL,24,0,0,0,0,0,0,5,0,2,0,3,11,3,USAER 12
PACHUCA DE SOTO,13DTV0783S,TELESECUNDARIA 1,SECUNDARIA,TELESECUNDARIA,4,Telesecundaria,TOTAL,23,0,0,0,1,0,0,10,0,7,1,1,0,3,USAER 43
METEPEC,13DTV0786P,TELESECUNDARIA 785,SECUNDARIA,TELESECUNDARIA,4,Telesecundaria,TOTAL,15,0,0,0,0,0,0,0,0,0,0,0,9,6,USAER 46
